nid,pid,title,raw_title,detail_url,view_price,view_fee,item_loc,view_sales,comment_count,user_id,nick
610041391219,,上海中兴守护宝F6S正品4G全网通学生价游戏手机全面水滴大屏安卓八核128G智能手机双卡电信指纹拍照老人手机,4G全网通水滴全面屏老人学生价游戏智能手机,https://click.simba.taobao.com/cc_im?p\u003d%CA%D6%BB%FA\u0026s\u003d1220913670\u0026k\u003d513\u0026e\u003d7LAbdz6amNb%2F2fT2xSlAWs6C%2BtVGEyi%2BpERJMA3OUCAr0B93Kz18GMhXOQGu8qcVz%2FqPvEf8LuJU8IGfv6r8RLTxDZP5KfP5t0yIwaKJkp%2BuzxW1DlKHKKqBB9PP8reM%2FtuOHY5601XhNNCFRqgMzyZ9cZWAeL3ZAk23tA5DNso1X24hcFm02i67uXSPdnMiHQXin1E7lEC5e00lErynv4XkHTKaLwpa9cysLH2LYcpeBdSytBV%2BGeA4PzVM6jK4eMK9klamPLHuMMvb0jUP9JfBZUs%2B5E8qBaXZ6nkyYuWVp4xRx5NhBcxO9UwoXTXSfIMh3Tkh5WZW1MSxf1P4LnH516K3zoTlcHH1olZPxdSwrzIiwQnh1gnPvuu4GOWSMRdbdyOG9JQMGOilEq9KJJ8Yavv7QqtpipJ1U6K%2BrQcNbwJalDZEonjCvZJWpjyx8i5h0RSist7k2eKkCnp%2FAIuFjfurybPi5pGmfWrf%2Bpeppb%2FVKuYP5Tl1O7CBq9jS,388.00,0.00,广东 深圳,7000+人付款,,2201702082835,守护宝大秦先锋专卖店
610369404385,,【拍立减150元】华为HONOR 荣耀20手机正品全面屏超广角AI四摄,【拍立减150元】华为HONOR 荣耀20手机正品全面屏超广角AI四摄,//detail.tmall.com/item.htm?id\u003d610369404385\u0026ad_id\u003d\u0026am_id\u003d\u0026cm_id\u003d140105335569ed55e27b\u0026pm_id\u003d\u0026abbucket\u003d13,2499.00,5.00,上海,541人付款,1314,725677994,天猫超市
610366340624,,【拍立减280元】华为HONOR荣耀9X手机麒麟810芯片升降全面9X官方,【拍立减280元】华为HONOR荣耀9X手机麒麟810芯片升降全面9X官方,//detail.tmall.com/item.htm?id\u003d610366340624\u0026ad_id\u003d\u0026am_id\u003d\u0026cm_id\u003d140105335569ed55e27b\u0026pm_id\u003d\u0026abbucket\u003d13,1799.00,5.00,上海,2159人付款,1055,725677994,天猫超市
607826182160,,【优惠300元 12期免息】华为旗下荣耀V30双模5G麒麟990旗舰芯片李现同款PRO拍照手机官方V20全新,【优惠300元 12期免息】华为旗下荣耀V30双模5G麒麟990旗舰芯片李现同款PRO拍照手机官方V20全新,//detail.tmall.com/item.htm?id\u003d607826182160\u0026ns\u003d1\u0026abbucket\u003d13,2999.00,0.00,广东 深圳,7000+人付款,16551,1114511827,荣耀官方旗舰店
598079959720,,【低至1199元 128GB版送车充】华为旗下荣耀手机荣耀9X麒麟810芯片4800万超清双摄智能手机官方旗舰店正品,【低至1199元 128GB版送车充】华为旗下荣耀手机荣耀9X麒麟810芯片4800万超清双摄智能手机官方旗舰店正品,//detail.tmall.com/item.htm?id\u003d598079959720\u0026ns\u003d1\u0026abbucket\u003d13,1199.00,0.00,广东 深圳,4.5万+人付款,219006,1114511827,荣耀官方旗舰店
612397649045,,【敬请期待 5G折叠屏旗舰新品】Huawei/华为Mate Xs5G超级快充四摄智能手机官方旗舰店matexs,【敬请期待 5G折叠屏旗舰新品】Huawei/华为Mate Xs5G超级快充四摄智能手机官方旗舰店matexs,//detail.tmall.com/item.htm?id\u003d612397649045\u0026ns\u003d1\u0026abbucket\u003d13,16999.00,0.00,广东 深圳,2405人付款,790,2838892713,华为官方旗舰店
603330883901,,【200优惠券+12期免息】Huawei/华为Mate30 Pro超感光电影四摄超级快充徕卡4G智能手机官方旗舰店,【200优惠券+12期免息】Huawei/华为Mate30 Pro超感光电影四摄超级快充徕卡4G智能手机mate30pro官方旗舰店,//detail.tmall.com/item.htm?id\u003d603330883901\u0026ns\u003d1\u0026abbucket\u003d13,5399.00,0.00,广东 深圳,950人付款,23366,2838892713,华为官方旗舰店
612250162636,,Xiaomi/小米手机小米10手机骁龙865 1亿像素双模5G官方正品,Xiaomi/小米手机小米10手机骁龙865 1亿像素双模5G官方正品,//detail.tmall.com/item.htm?id\u003d612250162636\u0026ns\u003d1\u0026abbucket\u003d13,3999.00,5.00,上海,285人付款,52,725677994,天猫超市
615513069062,,【新品上市 立即预约锁定10重好礼】vivo iQOO Neo3 5G旗舰新品4月23日发布加购抽奖赢手机,【新品上市 立即预约锁定10重好礼】vivo iQOO Neo3 5G旗舰新品4月23日发布加购抽奖赢手机vivoiqooiqooneo3,//detail.tmall.com/item.htm?id\u003d615513069062\u0026ns\u003d1\u0026abbucket\u003d13,99999.00,0.00,江苏 南京,0人付款,,2616970884,苏宁易购官方旗舰店
613489312787,,【新品上市24期免息】vivo S6新品双模5G智能新款手机官方旗舰店官网正品vivos6全新限量版x30 x27 s5 pro,【新品上市24期免息】vivo S6新品双模5G智能新款手机官方旗舰店官网正品vivos6全新限量版x30 x27 s5 pro,//detail.tmall.com/item.htm?id\u003d613489312787\u0026ns\u003d1\u0026abbucket\u003d13,2698.00,0.00,广东 东莞,1.0万+人付款,1806,883737303,vivo官方旗舰店
611099431467,,【至高减280元】华为HONOR 荣耀20PRO全面屏手机正品30倍数字变焦,【至高减280元】华为HONOR 荣耀20PRO全面屏手机正品30倍数字变焦,//detail.tmall.com/item.htm?id\u003d611099431467\u0026ns\u003d1\u0026abbucket\u003d13,2499.00,5.00,上海,1812人付款,786,725677994,天猫超市
615344708443,,华为荣耀Play4T Pro手机新品麒麟810芯片4tpro全网通9学生x智能机,华为荣耀Play4T Pro手机新品麒麟810芯片4tpro全网通9学生x智能机,//detail.tmall.com/item.htm?id\u003d615344708443\u0026ns\u003d1\u0026abbucket\u003d13,1499.00,5.00,上海,313人付款,29,725677994,天猫超市
614581381600,,Huawei/华为P40 5G版手机全网通官方正品p40 5g手机麒麟990,Huawei/华为P40 5G版手机全网通官方正品p40 5g手机麒麟990,//detail.tmall.com/item.htm?id\u003d614581381600\u0026ns\u003d1\u0026abbucket\u003d13,4188.00,5.00,上海,144人付款,7,725677994,天猫超市
610797686296,,【顺丰现货急速发】Apple/苹果 iPhone 11 手机现货国行 全国联保,【顺丰现货急速发】Apple/苹果 iPhone 11 手机现货国行 全国联保,//detail.tmall.com/item.htm?id\u003d610797686296\u0026ns\u003d1\u0026abbucket\u003d13,5242.00,5.00,上海,758人付款,298,725677994,天猫超市
611467146894,,【23日享24期免息 现货速发】小米10Pro5g手机骁龙865处理器5G手机学生拍照小米官方旗舰店官网正品小米10,【23日享24期免息 现货速发】小米10Pro5g手机骁龙865处理器5G手机学生拍照小米官方旗舰店官网正品小米10,//detail.tmall.com/item.htm?id\u003d611467146894\u0026ns\u003d1\u0026abbucket\u003d13,4999.00,0.00,北京,1.0万+人付款,8917,1714128138,小米官方旗舰店
608552505877,,【首降至高500 再赠耳机】vivo X30 Pro双模5G新品60倍超级变焦手机官方旗舰店官网新款限量版x30Pro s6 x27,【首降至高500 再赠耳机】vivo X30 Pro双模5G新品60倍超级变焦手机官方旗舰店官网新款限量版x30Pro s6 x27,//detail.tmall.com/item.htm?id\u003d608552505877\u0026ns\u003d1\u0026abbucket\u003d13,3998.00,0.00,广东 东莞,542人付款,2014,883737303,vivo官方旗舰店
605258110430,,【3期免息 再减500元】Apple/苹果 iPhone 11 移动联通电信4G全网通智能手机正品苏宁易购官方旗舰店苹果11,【3期免息 再减500元】Apple/苹果 iPhone 11 移动联通电信4G全网通智能手机正品苏宁易购官方旗舰店苹果11,//detail.tmall.com/item.htm?id\u003d605258110430\u0026ns\u003d1\u0026abbucket\u003d13,5499.00,0.00,江苏 南京,3.0万+人付款,21949,2616970884,苏宁易购官方旗舰店
609229367936,,优惠800当天发24期免息Huawei/华为nova 6 5G/4G官方旗舰店正品新nova6pro手机全网通p40荣耀p30直降nova7,优惠800当天发24期免息Huawei/华为nova 6 5G/4G官方旗舰店正品新nova6pro手机5g全网通p40荣耀p30直降nova7,//detail.tmall.com/item.htm?id\u003d609229367936\u0026ns\u003d1\u0026abbucket\u003d13,2999.00,0.00,广东 深圳,636人付款,784,1800399917,同步飞扬数码专营店
612634252693,,【24期免息+赠99元耳机】红米k30pro 骁龙865索尼6400万智能游戏学生5g手机小米官方旗舰店正品xiaomi,【24期免息+赠99元耳机】红米k30pro 骁龙865索尼6400万智能游戏学生5g手机redmi小米官方旗舰店正品xiaomi,//detail.tmall.com/item.htm?id\u003d612634252693\u0026ns\u003d1\u0026abbucket\u003d13,2999.00,0.00,北京,2.0万+人付款,6904,1714128138,小米官方旗舰店
615406803750,,【新品享24期免息 多重好礼】OPPO Ace2 高通骁龙865 双模5G全网通 65W超闪 全面屏游戏智能手机,【新品享24期免息 多重好礼】OPPO Ace2 高通骁龙865 双模5G全网通 65W超闪 全面屏游戏智能手机oppoace2,//detail.tmall.com/item.htm?id\u003d615406803750\u0026ns\u003d1\u0026abbucket\u003d13,3999.00,0.00,广东 东莞,3555人付款,52,901409638,oppo官方旗舰店
614162450908,,新品【现货选送手环】华为HONOR荣耀30S新品5G手机全网通官方旗舰店新款20s降价正品20青春版官网华为荣耀30s,新品【现货选送手环】华为HONOR荣耀30S新品5G手机全网通官方旗舰店新款20s降价正品20青春版官网华为荣耀30s,//detail.tmall.com/item.htm?id\u003d614162450908\u0026ns\u003d1\u0026abbucket\u003d13,2399.00,0.00,广东 深圳,1637人付款,314,2024314280,广东电信亿品汇专卖店
614162414478,,当天发货【选碎屏险】华为honor/荣耀 荣耀30S 新款5G手机官方旗舰店正品智能v30pro上市20i降价9x直降20青春,当天发货【选碎屏险】华为honor/荣耀 荣耀30S 新款5G手机官方旗舰店正品智能v30pro上市20i降价9x直降20青春,//detail.tmall.com/item.htm?id\u003d614162414478\u0026ns\u003d1\u0026abbucket\u003d13,2399.00,0.00,安徽 合肥,1101人付款,201,2088045547,京合旗舰店
605168729435,,【24期免息】Apple/苹果 iPhone 11 Pro MAX 2019新品 全网通手机苹果11promax 拍照智能手机,【24期免息】Apple/苹果 iPhone 11 Pro MAX 2019新品 全网通手机 苹果11promax 拍照智能手机,//detail.tmall.com/item.htm?id\u003d605168729435\u0026ns\u003d1\u0026abbucket\u003d13,8599.00,0.00,浙江 杭州,511人付款,895,197232874,绿森数码官方旗舰店
613608328649,,【新品当天发货送手环】华为HONOR荣耀30S 5g版手机全网通官方旗舰店20s手机新品上市30pro华为荣耀30s官网9x,【新品当天发货送手环】华为HONOR荣耀30S 5g版手机全网通官方旗舰店20s手机新品上市30pro华为荣耀30s官网9x,//detail.tmall.com/item.htm?id\u003d613608328649\u0026ns\u003d1\u0026abbucket\u003d13,2399.00,0.00,山东 济南,1198人付款,224,268451883,三际数码官方旗舰店
613379333800,,【24期免息】Apple/苹果iPhone 11 2019新款苹果11 新品iphone11 apple智能拍照手机,【24期免息】Apple/苹果iPhone 11 2019新款苹果11 新品iphone11 apple智能拍照手机,//detail.tmall.com/item.htm?id\u003d613379333800\u0026ns\u003d1\u0026abbucket\u003d13,5299.00,0.00,浙江 杭州,5000+人付款,1466,197232874,绿森数码官方旗舰店
603070922282,,【4.23至高优惠200元 晒单赠礼】OPPO K5全面屏6400万四摄4G拍照游戏智能手机官方旗舰店正品oppok5,【4.23至高优惠200元 晒单赠礼】OPPO K5全面屏6400万四摄4G拍照游戏智能手机官方旗舰店正品oppok5,//detail.tmall.com/item.htm?id\u003d603070922282\u0026ns\u003d1\u0026abbucket\u003d13,1699.00,0.00,广东 东莞,9000+人付款,34282,901409638,oppo官方旗舰店
612769124709,,Apple/苹果 iPhone 8 Plus 苹果x 8p手机苹果XR XSMax,Apple/苹果 iPhone 8 Plus 苹果x 8p手机 iphone x 苹果XR XSMax,//item.taobao.com/item.htm?id\u003d612769124709\u0026ns\u003d1\u0026abbucket\u003d13#detail,1900.00,0.00,广东 深圳,7500+人付款,2592,723987011,红嘴燕睡衣世界
616320822727,,分期Apple/苹果 iPhone XR iphone苹果xr iphonexr 手机,分期Apple/苹果 iPhone XR iphone苹果xr iphonexr 手机8x xs max,//item.taobao.com/item.htm?id\u003d616320822727\u0026ns\u003d1\u0026abbucket\u003d13#detail,2000.00,0.00,广东 深圳,317人付款,,464458035,亦儿手机店
602449029784,,【中国移动官旗】iphone苹果11 Apple/iphone11苹果手机全网通国行 原装手机苹果正品iPhone SE,【中国移动官旗】iphone苹果11 Apple/iphone11苹果手机全网通国行 原装手机苹果正品iPhone SE,//detail.tmall.com/item.htm?id\u003d602449029784\u0026ns\u003d1\u0026abbucket\u003d13,4959.00,0.00,浙江 杭州,1267人付款,3590,1776456424,中国移动官方旗舰店
613011338138,,【至高省400】vivo iQOO Neo 855高通骁龙855处理器游戏手机官方vivoiqooneo iqooneo vivo新iqoo 限量版,【至高省400】vivo iQOO Neo 855高通骁龙855处理器游戏手机官方vivoiqooneo iqooneo vivo新iqoo 限量版,//detail.tmall.com/item.htm?id\u003d613011338138\u0026ns\u003d1\u0026abbucket\u003d13,2298.00,0.00,广东 东莞,3092人付款,1185,2207440821122,iqoo官方旗舰店
614973902532,,新品当天发6期免息送天猫精灵/华为HONOR 荣耀30手机双模全网通官方旗舰店荣耀手机上市30pro+,新品当天发6期免息送天猫精灵/华为HONOR 荣耀30手机5g双模全网通官方旗舰店荣耀手机v30pro 9xpor上市30pro+,//detail.tmall.com/item.htm?id\u003d614973902532\u0026ns\u003d1\u0026abbucket\u003d13,2999.00,0.00,山东 济南,28人付款,,268451883,三际数码官方旗舰店
613010694711,,【至高省1000】vivo iQOO Pro 5G高通骁龙855Plus处理器游戏新品手机官方iqoopro vivoiqoovivo新iqoo限量版,【至高省1000】vivo iQOO Pro 5G高通骁龙855Plus处理器游戏新品手机官方iqoopro vivoiqoovivo新iqoo限量版,//detail.tmall.com/item.htm?id\u003d613010694711\u0026ns\u003d1\u0026abbucket\u003d13,3298.00,0.00,广东 东莞,631人付款,226,2207440821122,iqoo官方旗舰店
613666304585,,【送天猫精灵+现货速发】华为HONOR荣耀30S麒麟820全网通官方旗舰店正品荣耀20s 9x pro 华为30S新品5G手机,【送天猫精灵+现货速发】华为HONOR荣耀30S麒麟820全网通官方旗舰店正品荣耀20s 9x pro 华为30S新品5G手机,//detail.tmall.com/item.htm?id\u003d613666304585\u0026ns\u003d1\u0026abbucket\u003d13,2399.00,0.00,浙江 杭州,366人付款,58,1115488308,君问数码官方旗舰店
604064355373,,Apple/苹果 iPhone X 苹果x 苹果8手机苹果XR XSMax,Apple/苹果 iPhone X 苹果x 苹果8手机 iphone8Plus 苹果XR XSMax,//item.taobao.com/item.htm?id\u003d604064355373\u0026ns\u003d1\u0026abbucket\u003d13#detail,3250.00,0.00,广东 深圳,1.0万+人付款,9568,43546305,因尔科技
613480362477,,【百亿补贴 仅限23号当天】Apple/苹果iPhone 11手机全网通4G原装苹果11X国行pro天翼电信官方旗舰店xr xsmax,【百亿补贴 仅限23号当天】Apple/苹果iPhone 11手机全网通4G原装苹果11X国行pro天翼电信官方旗舰店xr xsmax,//detail.tmall.com/item.htm?id\u003d613480362477\u0026ns\u003d1\u0026abbucket\u003d13,4999.00,0.00,江苏 南京,4138人付款,1764,751075004,翼天下天翼电信旗舰店
606499802160,,Apple/苹果 iPhone 8 Plus苹果8代 iPhone 8plus国行8P全网通手机,Apple/苹果 iPhone 8 Plus苹果8代 iPhone 8plus国行8P全网通手机,//item.taobao.com/item.htm?id\u003d606499802160\u0026ns\u003d1\u0026abbucket\u003d13#detail,2000.00,0.00,广东 深圳,3688人付款,1003,832738224,卡尔琼斯
596753542423,,【领劵减100】Huawei/华为 nova 5 Pro手机官方旗舰店5g官网nova6se直降p40pro正品mate30荣耀nova7学生手机,【领劵减100】Huawei/华为 nova 5 Pro手机官方旗舰店5g官网nova6se直降p40pro正品mate30荣耀nova7学生手机,//detail.tmall.com/item.htm?id\u003d596753542423\u0026ns\u003d1\u0026abbucket\u003d13,2499.00,0.00,安徽 合肥,3401人付款,13373,2088045547,京合旗舰店
612827208421,,IPHONE特别版美版手机苹果全新128X国行256g原装正品,IPHONE特别版美版手机8sx8 Plus 8P苹果全新128X国行256g原装正品,//item.taobao.com/item.htm?id\u003d612827208421\u0026ns\u003d1\u0026abbucket\u003d13#detail,1730.00,0.00,广东 深圳,6000+人付款,6228,68682830,乡间孤马
616169877989,,【3期免息/现货预售】iPhonese2 苹果se2 Apple/iPhonese二代苹果手机/中国移动官旗/二代苹果se预售,【3期免息/现货预售】iPhonese2 苹果se2 Apple/iPhonese二代苹果手机/中国移动官旗/二代苹果se预售,//detail.tmall.com/item.htm?id\u003d616169877989\u0026ns\u003d1\u0026abbucket\u003d13,3299.00,0.00,浙江 杭州,213人付款,,1776456424,中国移动官方旗舰店
615826395625,,【12期分期套餐任选】华为旗下荣耀30S麒麟820双模5G全网通学生上网手机荣耀官方旗舰店荣耀v30手机,【12期分期套餐任选】华为旗下荣耀30S麒麟820双模5G全网通学生上网手机荣耀官方旗舰店荣耀v30手机v30pro 5g,//detail.tmall.com/item.htm?id\u003d615826395625\u0026ns\u003d1\u0026abbucket\u003d13,2399.00,0.00,广东 深圳,143人付款,6,2206603022178,中电嘉信数码专营店
616668699384,,【赠Beats耳机】Apple/苹果#iPhone SE2 新品iPhone9 苹果9正品4G全网通手机中国电信官方旗舰店 新品se发布,【赠Beats耳机】Apple/苹果#iPhone SE2 新品iPhone9 苹果9正品4G全网通手机 中国电信官方旗舰店 新品se发布,//detail.tmall.com/item.htm?id\u003d616668699384\u0026ns\u003d1\u0026abbucket\u003d13,3299.00,0.00,北京,97人付款,,809107100,中国电信官方旗舰店
614253718334,,24期免息 新品vivo S6 5G智能手机全网通官网vivos6全新款s6s版x30por vivox27 s5 vovis6官方旗舰店vivo0s6,24期免息 新品vivo S6 5G智能手机全网通官网vivos6全新款s6s版x30por vivox27 s5 vovis6官方旗舰店vivo0s6,//detail.tmall.com/item.htm?id\u003d614253718334\u0026ns\u003d1\u0026abbucket\u003d13,2698.00,0.00,上海,428人付款,104,2074230553,vivo衡视专卖店
614190738742,,【新品上市+送好礼】 华为旗下荣耀30S双模全网通5G手机麒麟820拍照官网正品手机新款官方旗舰店荣耀v30pro,【新品上市+送好礼】 华为旗下荣耀30S双模全网通5G手机麒麟820拍照官网正品手机新款官方旗舰店荣耀v30pro,//detail.tmall.com/item.htm?id\u003d614190738742\u0026ns\u003d1\u0026abbucket\u003d13,2399.00,0.00,广东 深圳,1016人付款,181,2215302589,深蓝港数码旗舰店
614793121415,,一加 OnePlus 8 5G旗舰 90Hz柔性屏 骁龙865 180g轻薄手感 超清超广角拍照游戏手机一加官方旗舰店,一加 OnePlus 8 5G旗舰 90Hz柔性屏 骁龙865 180g轻薄手感 超清超广角拍照游戏手机 一加官方旗舰店,//detail.tmall.com/item.htm?id\u003d614793121415\u0026ns\u003d1\u0026abbucket\u003d13,3999.00,0.00,广东 深圳,2945人付款,205,2256022143,一加官方旗舰店
615095973583,,新品【现货送手环】华为HONOR荣耀Play4T Pro手机麒麟810官方旗舰店play3学生游戏官网正品华为荣耀play4tpro,新品【现货送手环】华为HONOR荣耀Play4T Pro手机麒麟810官方旗舰店play3学生游戏官网正品华为荣耀play4tpro,//detail.tmall.com/item.htm?id\u003d615095973583\u0026ns\u003d1\u0026abbucket\u003d13,1499.00,0.00,广东 深圳,537人付款,60,2024314280,广东电信亿品汇专卖店
612147563392,,Apple/苹果 iPhone 11 苹果11promax国行美版全网通新款手机现货,Apple/苹果 iPhone 11 苹果11promax国行美版全网通新款手机现货,//item.taobao.com/item.htm?id\u003d612147563392\u0026ns\u003d1\u0026abbucket\u003d13#detail,3588.00,0.00,上海,2714人付款,1000,2663704272,sayhay自营店
609317899740,,24期免息 vivo X30 5G全网通手机官网vivox30新款x31vivox27版vovix30por官方旗舰店x30pro z6 vivox305g x27,24期免息 vivo X30 5G全网通手机官网vivox30新款x31vivox27版vovix30por官方旗舰店x30pro z6 vivox305g x27,//detail.tmall.com/item.htm?id\u003d609317899740\u0026ns\u003d1\u0026abbucket\u003d13,3298.00,0.00,上海,1308人付款,1975,2074230553,vivo衡视专卖店
614587058264,,【24期分期】华为/HUAWEI P40 Pro | 5G手机版正品官方旗舰店P30直降mate40折叠x新款,【24期分期】华为/HUAWEI P40 Pro | 5G手机mate30pro5G版正品官方旗舰店P30直降mate40折叠x新款,//detail.tmall.com/item.htm?id\u003d614587058264\u0026ns\u003d1\u0026abbucket\u003d13,5988.00,0.00,广东 广州,271人付款,11,713805254,中国移动手机官方旗舰店
571605208579,,[4G全网通]纽曼 L8S军工三防老人机超长待机正品老年手机大屏大字大声音移动电信版联通女学生按键诺基亚手机,[4G全网通]纽曼 L8S军工三防老人机,https://click.simba.taobao.com/cc_im?p\u003d%CA%D6%BB%FA\u0026s\u003d1192725323\u0026k\u003d513\u0026e\u003dq3urWDPfo5KDRn1rZangeuvQwm9NBrn34pBEeki%2FBhpg6NFol8ihNpKYfbVUne0V7PnKikqUUZgumDNACquIlX4AvuwzfQx40ytqMuSmzSCe0wyfeqkW3S5sVXb%2ByXn%2FohBo%2FzilEpeRuurVHhzpPX0qbn0gwIfnX%2BCcK41QetPWQ8r99LWRWxgscL2ftr%2FwfXnB7ZMhX7JDPQFGFZlGKoMyp%2B5I2LGU3I1Lt8XG3p5sjG9q3QjMGicggOHMSaI%2FxGfX%2F%2FonC3wxIJFeKL3YnjpNLZl9kahHHVH4C8NonBU52VG3cKtd1QTNxBh%2FR7gtcje%2B1Z5hzvMpEV%2Fq2FYyea9bcRQLQM0c7vXfFv9g7KqY20Pc8jZ90H%2FUqwNPnFX4TAMhVq8U8PJ3DT1kNWbvtKn11MTFWzcawMVDQoDyFe9EGLX0wb5jTcRn1%2F%2F6Jwt8jjyqKOg%2FpC2eW66zIRlTDuHEhwCO8dkik2m2v15p9oCA8QBWbfGerlcneyUsCpuN,58.00,0.00,广东 深圳,9500+人付款,,1875287427,深圳易乐购数码专营店
606547898634,,【尊享3期免息】meizu/魅族16T骁龙855大屏旗舰6.5英寸全面屏4500mAh长续航颜值游戏手机官方旗舰店,【尊享3期免息】meizu/魅族16T骁龙855大屏旗舰6.5英寸全面屏4500mAh长续航颜值游戏手机官方旗舰店,//detail.tmall.com/item.htm?id\u003d606547898634\u0026ns\u003d1\u0026abbucket\u003d13,2299.00,0.00,广东 珠海,3810人付款,11524,1695308781,魅族官方旗舰店
615095973583,,新品【现货送手环】华为HONOR荣耀Play4T Pro手机麒麟810官方旗舰店play3学生游戏官网正品华为荣耀play4tpro,新品【现货送手环】华为HONOR荣耀Play4T Pro手机麒麟810官方旗舰店play3学生游戏官网正品华为荣耀play4tpro,//detail.tmall.com/item.htm?id\u003d615095973583\u0026ns\u003d1\u0026abbucket\u003d13,1499.00,0.00,广东 深圳,537人付款,60,2024314280,广东电信亿品汇专卖店
612147563392,,Apple/苹果 iPhone 11 苹果11promax国行美版全网通新款手机现货,Apple/苹果 iPhone 11 苹果11promax国行美版全网通新款手机现货,//item.taobao.com/item.htm?id\u003d612147563392\u0026ns\u003d1\u0026abbucket\u003d13#detail,3588.00,0.00,上海,2714人付款,1000,2663704272,sayhay自营店
616168745943,,【享3期免息/现货预售】iPhone SE苹果se2 iphonese2全新品手机二代新款 苹果手机官网旗舰正品iphone 8 11,【享3期免息/现货预售】iPhone SE苹果se2 iphonese2全新品手机二代新款 苹果手机官网旗舰正品iphone 8 11,//detail.tmall.com/item.htm?id\u003d616168745943\u0026ns\u003d1\u0026abbucket\u003d13,3449.00,0.00,广东 广州,226人付款,,713805254,中国移动手机官方旗舰店
613623160990,,【现货速发/选荣耀手环】华为honor/荣耀 荣耀30S手机双模全网通官方旗舰正品官网20s直降9x青春版30/30pro,【现货速发/选荣耀手环】华为honor/荣耀 荣耀30S手机5G双模全网通官方旗舰正品官网20s直降9x青春版30/30pro,//detail.tmall.com/item.htm?id\u003d613623160990\u0026ns\u003d1\u0026abbucket\u003d13,2399.00,0.00,上海,668人付款,108,686947088,卓瓦数码专营店
614252200250,,华为P40 5G现货 HUAWEI HUAWEI P40PRO+5G麒麟990手机,华为P40 5G现货 HUAWEI HUAWEI P40PRO+5G麒麟990手机P40 p40pro,//item.taobao.com/item.htm?id\u003d614252200250\u0026ns\u003d1\u0026abbucket\u003d13#detail,3998.00,0.00,山东 济南,36人付款,9,2853096896,雷鹏数码科技
613778475522,,Apple/苹果 iPhone X 苹果X 苹果8手机苹果XR  XSMax,Apple/苹果 iPhone X 苹果X 苹果8手机iphone8Plus 苹果XR  XSMax,//item.taobao.com/item.htm?id\u003d613778475522\u0026ns\u003d1\u0026abbucket\u003d13#detail,2050.00,0.00,广东 深圳,1342人付款,724,2210296364,韩mm网络批发
594220295402,,Apple/苹果 iPhone 8 Plus全新苹果8正品8x国行三网苹果8plus手机,Apple/苹果 iPhone 8 Plus全新苹果8正品8x国行三网苹果8plus手机,//item.taobao.com/item.htm?id\u003d594220295402\u0026ns\u003d1\u0026abbucket\u003d13#detail,2160.00,0.00,广东 深圳,9500+人付款,6768,1849025205,唯美气质淑女日韩馆
603426867707,,华为HUAWEI HUAWEI Mate 30 Pro5G曲面屏手机全网通P40,华为HUAWEI HUAWEI Mate 30 Pro5G曲面屏手机 MATE30 5G全网通P40,//item.taobao.com/item.htm?id\u003d603426867707\u0026ns\u003d1\u0026abbucket\u003d13#detail,3148.00,0.00,浙江 杭州,57人付款,287,135241859,博远通讯88
613757125454,,【荣耀新品】华为旗下荣耀30S麒麟820双模5G全网通3倍光学变焦拍照上网手机荣耀官方,【荣耀新品】华为旗下荣耀30S麒麟820双模5G全网通3倍光学变焦拍照上网手机荣耀官方,//detail.tmall.com/item.htm?id\u003d613757125454\u0026ns\u003d1\u0026abbucket\u003d13,2399.00,0.00,广东 深圳,3.5万+人付款,11323,1114511827,荣耀官方旗舰店
615032671252,,【享12期免息】华为旗下荣耀30新品5G手机倍超稳远摄麒麟985芯片李现同款拍照手机官方旗舰店正品,【享12期免息】华为旗下荣耀30新品5G手机50倍超稳远摄麒麟985芯片李现同款拍照手机官方旗舰店正品,//detail.tmall.com/item.htm?id\u003d615032671252\u0026ns\u003d1\u0026abbucket\u003d13,2999.00,0.00,广东 深圳,7500+人付款,,1114511827,荣耀官方旗舰店
596201072920,,【100优惠券】Huawei/华为nova 5 Pro超级夜景四摄超广角智能手机官方旗舰店,【100优惠券】Huawei/华为nova 5 Pro超级夜景四摄超广角智能手机nova5pro官方旗舰店,//detail.tmall.com/item.htm?id\u003d596201072920\u0026ns\u003d1\u0026abbucket\u003d13,2499.00,0.00,广东 深圳,2.0万+人付款,94662,2838892713,华为官方旗舰店
613832301513,,【旗舰新品6期免息】华为/HUAWEI P40 | 5G超感知徕卡三摄30倍数字变焦5g手机华为官方旗舰店,【旗舰新品6期免息】华为/HUAWEI P40 | 5G超感知徕卡三摄30倍数字变焦5g手机华为官方旗舰店,//detail.tmall.com/item.htm?id\u003d613832301513\u0026ns\u003d1\u0026abbucket\u003d13,4188.00,0.00,广东 深圳,2.0万+人付款,3916,2838892713,华为官方旗舰店
610535848214,,【周年庆优惠】HUAWEI华为Mate 30 Pro 5G版手机麒麟990mate5g,【周年庆优惠】HUAWEI华为Mate 30 Pro 5G版手机麒麟990mate5g,//detail.tmall.com/item.htm?id\u003d610535848214\u0026ns\u003d1\u0026abbucket\u003d13,5899.00,5.00,上海,270人付款,54,725677994,天猫超市
610799486371,,【现货速发】Apple/苹果 iPhone 11 Pro Max手机国行正品全国联保,【现货速发】Apple/苹果 iPhone 11 Pro Max手机国行正品全国联保,//detail.tmall.com/item.htm?id\u003d610799486371\u0026ns\u003d1\u0026abbucket\u003d13,8499.00,5.00,上海,80人付款,29,725677994,天猫超市
611026067104,,【立减200元】HUAWEI/华为nova 6 5G全网通正品5g手机麒麟990,【立减200元】HUAWEI/华为nova 6 5G全网通正品5g手机麒麟990,//detail.tmall.com/item.htm?id\u003d611026067104\u0026ns\u003d1\u0026abbucket\u003d13,2999.00,5.00,上海,481人付款,138,725677994,天猫超市
615069291099,,Huawei/华为P40 Pro 5G版手机麒麟990官方正品p40pro5g,Huawei/华为P40 Pro 5G版手机麒麟990官方正品p40pro5g,//detail.tmall.com/item.htm?id\u003d615069291099\u0026ns\u003d1\u0026abbucket\u003d13,5988.00,5.00,上海,145人付款,4,725677994,天猫超市
611277439268,,【周年庆优惠】Huawei华为Mate 30 5G版手机麒麟990正品mate305g,【周年庆优惠】Huawei华为Mate 30 5G版手机麒麟990正品mate305g,//detail.tmall.com/item.htm?id\u003d611277439268\u0026ns\u003d1\u0026abbucket\u003d13,4499.00,5.00,上海,609人付款,111,725677994,天猫超市
611631821448,,【立减100 12期免息赠耳机】vivo Z6新品双模5g大电池手机骁龙官方正品旗舰店官网学生新款vivo z5 z5x z3 s6,【立减100 12期免息赠耳机】vivo Z6新品双模5g大电池手机骁龙官方正品旗舰店官网学生新款vivo z5 z5x z3 s6,//detail.tmall.com/item.htm?id\u003d611631821448\u0026ns\u003d1\u0026abbucket\u003d13,2298.00,0.00,广东 东莞,7000+人付款,4671,883737303,vivo官方旗舰店
602210068322,,【3期免息 再减500元】Apple/苹果 iPhone 11全网通4G 超广角拍照手机苏宁易购官方store 苹果11,【3期免息 再减500元】Apple/苹果 iPhone 11全网通4G 超广角拍照手机苏宁易购官方store 苹果11,//detail.tmall.com/item.htm?id\u003d602210068322\u0026ns\u003d1\u0026abbucket\u003d13,5499.00,0.00,江苏 南京,1.0万+人付款,42263,2616970884,苏宁易购官方旗舰店
611224893062,,【23日享24期免息 256G赠耳机】小米10 5g手机骁龙8651亿像素拍照智能游戏小米官方旗舰店正品小米手机,【23日享24期免息 256G赠耳机】小米10 5g手机骁龙8651亿像素拍照智能游戏小米官方旗舰店正品小米手机xiaomi,//detail.tmall.com/item.htm?id\u003d611224893062\u0026ns\u003d1\u0026abbucket\u003d13,3999.00,0.00,北京,2.5万+人付款,25300,1714128138,小米官方旗舰店
608292072322,,【24期免息再赠耳机】vivo X30双模5G新品手机官方旗舰店官网新款正品学生vivox30限量版x27 pro x23 s6 S5,【24期免息再赠耳机】vivo X30双模5G新品手机官方旗舰店官网新款正品学生vivox30限量版x27 pro x23 s6 S5,//detail.tmall.com/item.htm?id\u003d608292072322\u0026ns\u003d1\u0026abbucket\u003d13,3298.00,0.00,广东 东莞,3458人付款,6181,883737303,vivo官方旗舰店
579794586729,,【下单减100元】Apple/苹果 iPhone XR全网通4G 双卡双待手机苏宁易购官方旗舰店 苹果iPhoneXR,【下单减100元】Apple/苹果 iPhone XR全网通4G 双卡双待手机苏宁易购官方旗舰店 苹果iPhoneXR,//detail.tmall.com/item.htm?id\u003d579794586729\u0026ns\u003d1\u0026abbucket\u003d13,5088.00,0.00,江苏 南京,1696人付款,239071,2616970884,苏宁易购官方旗舰店
608604219796,,【6期免息+赠耳机】红米k30 5g双模手机王一博同款索尼6400万拍照学生全面屏老人智能机小米官方旗舰店10,【6期免息+赠耳机】红米k30 5g双模手机pro王一博同款索尼6400万拍照学生全面屏老人智能机小米官方旗舰店10,//detail.tmall.com/item.htm?id\u003d608604219796\u0026ns\u003d1\u0026abbucket\u003d13,2199.00,0.00,北京,9500+人付款,12486,1714128138,小米官方旗舰店
611048808013,,【4.23享24期免息】OPPO Reno3元气版双模5G骁龙全面屏智能手机闪充官方旗舰店opporeno3 reno,【4.23享24期免息】OPPO Reno3元气版双模5G骁龙全面屏智能手机VOOC闪充官方旗舰店opporeno3 reno,//detail.tmall.com/item.htm?id\u003d611048808013\u0026ns\u003d1\u0026abbucket\u003d13,2999.00,0.00,广东 东莞,2587人付款,2782,901409638,oppo官方旗舰店
608801385005,,领券减100【24期免息】Huawei/华为nova 6 5G/4G 手机官方旗舰店p40pro正品nova7直降6se官网mate30荣耀5pro,领券减100【24期免息】Huawei/华为nova 6 5G/4G 手机官方旗舰店p40pro正品nova7直降6se官网mate30荣耀5pro,//detail.tmall.com/item.htm?id\u003d608801385005\u0026ns\u003d1\u0026abbucket\u003d13,2999.00,0.00,安徽 合肥,2518人付款,2649,2088045547,京合旗舰店
608455568395,,【限时享24期免息】OPPO Reno3 Pro双模5G全面屏智能手机双曲面超薄官方旗舰店opporeno reno,【限时享24期免息】OPPO Reno3 Pro双模5G全面屏智能手机双曲面超薄官方旗舰店opporeno reno,//detail.tmall.com/item.htm?id\u003d608455568395\u0026ns\u003d1\u0026abbucket\u003d13,3999.00,0.00,广东 东莞,2040人付款,9039,901409638,oppo官方旗舰店
606120485730,,现货顺丰【24期免息】Huawei/华为 Mate 30 (5G)手机官方旗舰店正品直降nova7pro降价nova6se新品p40pro荣耀,现货顺丰【24期免息】Huawei/华为 Mate 30 (5G)手机官方旗舰店正品直降nova7pro降价nova6se新品p40pro荣耀,//detail.tmall.com/item.htm?id\u003d606120485730\u0026ns\u003d1\u0026abbucket\u003d13,3699.00,0.00,安徽 合肥,1419人付款,754,2088045547,京合旗舰店
612497216686,,【24期免息】vivo iQOO 3高通骁龙865处理器5g双模游戏快充手机新iqoo iqoo3 限量版iQOO,【24期免息】vivo iQOO 3高通骁龙865处理器5g双模游戏快充手机vivoiqoo3 vivo新iqoo iqoo3 限量版iQOO,//detail.tmall.com/item.htm?id\u003d612497216686\u0026ns\u003d1\u0026abbucket\u003d13,3598.00,0.00,广东 东莞,878人付款,426,2207440821122,iqoo官方旗舰店
614057836309,,6期免息直降300当天发华为/HUAWEI P40 Pro 5G手机新款官方旗舰店mate30 5G版正品荣耀30pro直降mate40全网通,6期免息直降300当天发华为/HUAWEI P40 Pro 5G手机新款官方旗舰店mate30 5G版正品荣耀30pro直降mate40全网通,//detail.tmall.com/item.htm?id\u003d614057836309\u0026ns\u003d1\u0026abbucket\u003d13,4188.00,0.00,山东 济南,381人付款,74,268451883,三际数码官方旗舰店
614587058264,,【24期分期】华为/HUAWEI P40 Pro | 5G手机版正品官方旗舰店P30直降mate40折叠x新款,【24期分期】华为/HUAWEI P40 Pro | 5G手机mate30pro5G版正品官方旗舰店P30直降mate40折叠x新款,//detail.tmall.com/item.htm?id\u003d614587058264\u0026ns\u003d1\u0026abbucket\u003d13,5988.00,0.00,广东 广州,271人付款,11,713805254,中国移动手机官方旗舰店
610131768469,,当天发【24期免息+50卷】Huawei/华为Nova 6 SE官方旗舰店5正品p30直降nova6se/7全网通mate手机荣耀p40pro,当天发【24期免息+50卷】Huawei/华为Nova 6 SE官方旗舰店5正品p30直降nova6se/7全网通mate手机5g荣耀p40pro,//detail.tmall.com/item.htm?id\u003d610131768469\u0026ns\u003d1\u0026abbucket\u003d13,1799.00,0.00,广东 深圳,5500+人付款,3621,2215302589,深蓝港数码旗舰店
608736701194,,【赠送壳膜保护套】Apple/苹果iPhone 11#移动联通电信全网通4G智能手机中国电信官方旗舰店 国行 原装,【赠送壳膜保护套】Apple/苹果iPhone 11#移动联通电信全网通4G智能手机 中国电信官方旗舰店 国行 原装,//detail.tmall.com/item.htm?id\u003d608736701194\u0026ns\u003d1\u0026abbucket\u003d13,4995.00,0.00,北京,336人付款,174,809107100,中国电信官方旗舰店
616773983619,,Apple/苹果 iPhone SE 智能手机新款,Apple/苹果 iPhone SE 智能手机 2020新款,//detail.tmall.com/item.htm?id\u003d616773983619\u0026ns\u003d1\u0026abbucket\u003d13,3299.00,0.00,浙江 杭州,2059人付款,,197232874,绿森数码官方旗舰店
614027557392,,分期免息Apple/苹果 iPhone X手机全网通4G全新苹果x 苹果8 8plus,分期免息Apple/苹果 iPhone X手机全网通4G全新苹果x 苹果8 8plus,//item.taobao.com/item.htm?id\u003d614027557392\u0026ns\u003d1\u0026abbucket\u003d13#detail,1800.00,0.00,广东 深圳,1872人付款,682,1794161738,毛这西
610124459315,,【立减50元 24期免息 顺丰当天发】 Huawei/华为nova 6 SE4G手机官网官方旗舰正品手机青春学生拍照mate30pro,【立减50元 24期免息 顺丰当天发】 Huawei/华为nova 6 SE4G手机官网官方旗舰正品手机青春学生拍照mate30pro,//detail.tmall.com/item.htm?id\u003d610124459315\u0026ns\u003d1\u0026abbucket\u003d13,1699.00,0.00,安徽 合肥,1857人付款,1463,1684634320,小淘器数码专营店
612733720450,,黑鲨3pro现货官方正品+选原装手柄套装腾讯黑鲨游戏手机代5G全网通黑鲨官方旗舰店骁龙865电竞2代2pro官网,黑鲨3pro现货官方正品+选原装手柄套装腾讯黑鲨游戏手机3代5G全网通黑鲨官方旗舰店骁龙865电竞2代2pro官网,//detail.tmall.com/item.htm?id\u003d612733720450\u0026ns\u003d1\u0026abbucket\u003d13,3499.00,0.00,广东 深圳,944人付款,502,2024314280,广东电信亿品汇专卖店
615355810819,,【新品上市 6期免息】Samsung/三星 Galaxy A71 SM-A7160 5G官方旗舰店全面屏智能 5G双模拍照手机正品国行,【新品上市 6期免息】Samsung/三星 Galaxy A71 SM-A7160 5G官方旗舰店全面屏智能 5G双模拍照手机正品国行,//detail.tmall.com/item.htm?id\u003d615355810819\u0026ns\u003d1\u0026abbucket\u003d13,3399.00,0.00,北京,619人付款,62,370627083,三星官方旗舰店
602669134298,,[4728起/送无线充]Apple 苹果 iPhone 11全网通苹果11正品手机国行官方xr官网SE 8 旗舰店xsmax新品11promax,[4728起/送无线充]Apple 苹果 iPhone 11全网通苹果11正品手机X国行官方xr官网SE 8 旗舰店xsmax新品11promax,//detail.tmall.com/item.htm?id\u003d602669134298\u0026ns\u003d1\u0026abbucket\u003d13,4928.00,0.00,山东 济南,960人付款,6038,268451883,三际数码官方旗舰店
612231809000,,【新款24期免息】Samsung/三星 Galaxy S20 Ultra SM-G9880 120Hz官方全面屏智能8K拍照5G双模手机.08亿像素,【新款24期免息】Samsung/三星 Galaxy S20 Ultra SM-G9880 120Hz官方全面屏智能8K拍照5G双模手机1.08亿像素,//detail.tmall.com/item.htm?id\u003d612231809000\u0026ns\u003d1\u0026abbucket\u003d13,9999.00,0.00,北京,1321人付款,1215,370627083,三星官方旗舰店
613120536384,,Apple/苹果 iPhone 11 新款 苹果11 pro max国行手机无锁美版现货,Apple/苹果 iPhone 11 新款 苹果11 pro max国行手机无锁美版现货,//item.taobao.com/item.htm?id\u003d613120536384\u0026ns\u003d1\u0026abbucket\u003d13#detail,3499.00,0.00,上海,2087人付款,893,1630413582,唯美e佳人66
605151633193,,Xiaomi/小米 Redmi 8A 红米8a新手机小米手机官网旗舰7a,[降价114]红米8A大电量小米手机 顺丰当天发,https://click.simba.taobao.com/cc_im?p\u003d%CA%D6%BB%FA\u0026s\u003d9702613\u0026k\u003d513\u0026e\u003d18vMDt%2BVPFjL0r%2F402fjMy7QfWtDMNBjh2Y0ng4IwFyO7oXQILijM56KP3kWtAwbmvpcRswn1hxJXROji3N%2F4ivJmg0zQMVRxhd3uLMw3oG%2FWYwBMhVct2SXZi0nK9b%2FVsioeGDoO6OIULQVUF5tCD%2F1LLNwlLHTeuXQnneasVbEckCgQ2bm0sEY2hyQggl5iCzriVZm2UCaChFeN3jsfzOEkSu7gMSjIy6Z6iFAaTkjDQibYIa5eLq%2BoLSzNrzGSeczPAmwRgVknUjSLwb0RdPk7eBVfZ2zkSZc7AB3aOXTVWbC9FvCbT6L6jBxQy0aA%2B2Vyo6mAs8IOsAIIO6i%2FXYzlusiRK%2BFZp%2FRpIzh66i2jNCI1VpkXoneYF75v6vqUTS%2FUD8UhkoiuhF8L3siIKy9lTkUUvHk0%2BTt4FV9nbNDjHAtMNDnmivrNK%2BmQWCk5%2FxOc4ju0q0HVS0JLO4Y%2F3Yy%2FvMry1m02UpWoIDCvL0Lx64bKMimpUUYh5iDIc4V#detail,498.00,0.00,广东 深圳,3330人付款,,860541377,给力不坑爹
616124274625,,Apple/苹果 iPhone XR iPhonexr xs max苹果xr xsmax双卡4G手机,Apple/苹果 iPhone XR iPhonexr xs max苹果xr xsmax双卡4G手机8x,//item.taobao.com/item.htm?id\u003d616124274625\u0026ns\u003d1\u0026abbucket\u003d13#detail,3200.00,0.00,广东 深圳,651人付款,46,73778052,付爱萍1
614076101208,,现货速发P40PRO Huawei/华为 P40 p40pro+5G 全网通5G手机,现货速发P40PRO Huawei/华为 P40 p40pro+5G 全网通5G手机 p40pro,//item.taobao.com/item.htm?id\u003d614076101208\u0026ns\u003d1\u0026abbucket\u003d13#detail,4188.00,0.00,河南 郑州,23人付款,8,1918896933,风一花雪月
590419327446,,【至高降2150元 顺丰当天发 3期免息 】Huawei/华为P30 Pro手机官方旗舰店直降Mate30pro正品20折叠Xs P40,【至高降2150元 顺丰当天发 3期免息 】Huawei/华为P30 Pro手机P30官方旗舰店直降Mate30pro正品20折叠Xs P40,//detail.tmall.com/item.htm?id\u003d590419327446\u0026ns\u003d1\u0026abbucket\u003d13,2968.00,0.00,浙江 杭州,486人付款,3428,2615238525,华为莫问专卖店
580705261416,,Apple/苹果 iPhone XR iphonexr 苹果XR手机双卡双待 8x xs max,Apple/苹果 iPhone XR iphonexr 苹果XR手机 双卡双待 8x xs max,//item.taobao.com/item.htm?id\u003d580705261416\u0026ns\u003d1\u0026abbucket\u003d13#detail,2780.00,0.00,江苏 南京,1904人付款,13032,201522459,liubingtuan
610786255412,,分期Apple/苹果 iPhone XR 苹果iphonexr xs max双卡4G手机,分期Apple/苹果 iPhone XR 苹果iphonexr xs max双卡4G手机8x,//item.taobao.com/item.htm?id\u003d610786255412\u0026ns\u003d1\u0026abbucket\u003d13#detail,3000.00,0.00,广东 深圳,3684人付款,5508,886547859,白领衣族01
614239029266,,当天发货【送华为手环】华为honor/荣耀 荣耀30S全网通5G新款手机麒麟820官方旗舰店20s新款v30pro直降9x新30,当天发货【送华为手环】华为honor/荣耀 荣耀30S全网通5G新款手机麒麟820官方旗舰店20s新款v30pro直降9x新30,//detail.tmall.com/item.htm?id\u003d614239029266\u0026ns\u003d1\u0026abbucket\u003d13,2399.00,0.00,江苏 南京,295人付款,97,751075004,翼天下天翼电信旗舰店
615046366046,,一加 OnePlus 8 Pro 5G旗舰 2K+120Hz 柔性屏 30W无线闪充 骁龙865 超清超广角拍照游戏手机一加官方旗舰店,一加 OnePlus 8 Pro 5G旗舰 2K+120Hz 柔性屏 30W无线闪充 骁龙865 超清超广角拍照游戏手机 一加官方旗舰店,//detail.tmall.com/item.htm?id\u003d615046366046\u0026ns\u003d1\u0026abbucket\u003d13,5399.00,0.00,广东 深圳,6500+人付款,582,2256022143,一加官方旗舰店
614835327037,,当天发【优惠300元24期分期】Huawei/华为 P40 pro 5G手机官方旗舰店正品p30pro直降5g新品mate40荣耀p40pro,当天发【优惠300元24期分期】Huawei/华为 P40 pro 5G手机官方旗舰店正品p30pro直降5g新品mate40荣耀p40pro,//detail.tmall.com/item.htm?id\u003d614835327037\u0026ns\u003d1\u0026abbucket\u003d13,4488.00,0.00,广东 深圳,201人付款,49,1800399917,同步飞扬数码专营店
609080266844,,领券减100【24期免息】Huawei/华为nova 6 5G/4G 手机官方旗舰店正品华为nova65g全网通直降mate30新款p40pro,领券减100【24期免息】Huawei/华为nova 6 5G/4G 手机官方旗舰店正品华为nova65g全网通直降mate30新款p40pro,//detail.tmall.com/item.htm?id\u003d609080266844\u0026ns\u003d1\u0026abbucket\u003d13,2499.00,0.00,北京,893人付款,1335,2924891464,京联通达数码旗舰店
600932115538,,【分期免息】Apple/苹果 iPhone X国行8x全新苹果xs xsmax手机,【分期免息】Apple/苹果 iPhone X国行8x全新苹果xs xsmax手机,//item.taobao.com/item.htm?id\u003d600932115538\u0026ns\u003d1\u0026abbucket\u003d13#detail,1880.00,0.00,广东 深圳,937人付款,225,1967345390,壹加陆时尚女装
613623913449,,分期免息 Apple/苹果 iPhone X 苹果8x 全新国行iphone8 Plus手机,分期免息 Apple/苹果 iPhone X 苹果8x 全新国行iphone8 Plus手机,//item.taobao.com/item.htm?id\u003d613623913449\u0026ns\u003d1\u0026abbucket\u003d13#detail,1900.00,0.00,广东 深圳,7000+人付款,2408,3895076548,tb326255629
616677959971,,【享24期免息】Apple/iPhone SE苹果iphonese2苹果se2全新苹果手机二代全新官网新款手机新品全新官方旗舰店,【享24期免息】Apple/iPhone SE苹果iphonese2苹果se2全新苹果手机二代全新官网新款手机新品全新官方旗舰店,//detail.tmall.com/item.htm?id\u003d616677959971\u0026ns\u003d1\u0026abbucket\u003d13,3499.00,0.00,广东 广州,88人付款,,713805254,中国移动手机官方旗舰店
614517538874,,新品现货选手环+24期分期】华为荣耀30S 手机麒麟820双模5G全网通全面屏荣耀官方旗舰店20s新品i青春版g正品x,新品现货选手环+24期分期】华为荣耀30S 手机麒麟820双模5G全网通全面屏荣耀官方旗舰店20s新品i青春版g正品x,//detail.tmall.com/item.htm?id\u003d614517538874\u0026ns\u003d1\u0026abbucket\u003d13,2399.00,0.00,广东 深圳,550人付款,143,2201415902533,热图数码专营店
613120596992,,【立减400+当天发+免息】nubia/努比亚 红魔5G骁龙865电竞游戏手机红魔4代5g透明版144Hz刷新新品3S红魔mars,【立减400+当天发+免息】nubia/努比亚 红魔5G骁龙865电竞游戏手机红魔4代5g透明版144Hz刷新新品3S红魔mars,//detail.tmall.com/item.htm?id\u003d613120596992\u0026ns\u003d1\u0026abbucket\u003d13,3799.00,0.00,广东 深圳,566人付款,296,2201415902533,热图数码专营店
602206696207,,【中国移动官旗】iphone苹果11 Pro Apple/iPhone11 Pro 苹果手机全网通国行iPhone SE,【中国移动官旗】iphone苹果11 Pro Apple/iPhone11 Pro 苹果手机11pro全网通国行iPhone SE,//detail.tmall.com/item.htm?id\u003d602206696207\u0026ns\u003d1\u0026abbucket\u003d13,7498.00,0.00,浙江 杭州,200人付款,213,1776456424,中国移动官方旗舰店
579539915315,,【限时分期24期免息 晒图送无线充】Apple/苹果 iPhone XS Max全网通智能4G手机国行天翼电信旗舰店苹果xsMAX,【限时分期24期免息 晒图送无线充】Apple/苹果 iPhone XS Max全网通智能4G手机国行天翼电信旗舰店苹果xsMAX,//detail.tmall.com/item.htm?id\u003d579539915315\u0026ns\u003d1\u0026abbucket\u003d13,6399.00,0.00,江苏 南京,154人付款,117,751075004,翼天下天翼电信旗舰店
612727624857,,分期免息Apple/苹果 iPhone X苹果XR XSMax苹果8plus正品国行手机,分期免息Apple/苹果 iPhone X苹果XR XSMax苹果8plus正品国行手机,//item.taobao.com/item.htm?id\u003d612727624857\u0026ns\u003d1\u0026abbucket\u003d13#detail,3180.00,0.00,广东 深圳,4502人付款,1403,716665928,菲菲扬扬79
613638027115,,Apple/苹果 iPhone XS Max国行苹果Xs iPhone X 苹果X Xs Max手机,Apple/苹果 iPhone XS Max国行苹果Xs iPhone X 苹果X Xs Max手机,//item.taobao.com/item.htm?id\u003d613638027115\u0026ns\u003d1\u0026abbucket\u003d13#detail,2950.00,0.00,广东 深圳,1682人付款,464,802185324,ruibiao13149
594834276618,,【低至2299元】华为旗下荣耀20 PRO手机新品30倍数字变焦全焦段AI四摄全面屏手机旗舰店,【低至2299元】华为旗下荣耀20 PRO手机新品30倍数字变焦全焦段AI四摄全面屏手机旗舰店,//detail.tmall.com/item.htm?id\u003d594834276618\u0026ns\u003d1\u0026abbucket\u003d13,2299.00,0.00,广东 深圳,1.0万+人付款,45951,1114511827,荣耀官方旗舰店
594370342052,,华为旗下荣耀20手机全面屏超广角AI四摄麒麟980芯片智能拍照手机正品PRO手机,华为旗下荣耀20手机全面屏超广角AI四摄麒麟980芯片智能拍照手机正品PRO手机v30,//detail.tmall.com/item.htm?id\u003d594370342052\u0026ns\u003d1\u0026abbucket\u003d13,2299.00,0.00,广东 深圳,1427人付款,107966,1114511827,荣耀官方旗舰店
613832405367,,【旗舰新品6期免息】【限量礼盒】华为/HUAWEI P40 Pro | 5G徕卡四摄50倍变焦5g手机华为官方旗舰店,【旗舰新品6期免息】【限量礼盒】华为/HUAWEI P40 Pro | 5G徕卡四摄50倍变焦5g手机华为官方旗舰店,//detail.tmall.com/item.htm?id\u003d613832405367\u0026ns\u003d1\u0026abbucket\u003d13,5988.00,0.00,广东 深圳,4.0万+人付款,8871,2838892713,华为官方旗舰店
602918373522,,【200优惠券+12期免息】Huawei/华为Mate30超感光徕卡三摄超级快充4000万4G智能手机华为官方旗舰店,【200优惠券+12期免息】Huawei/华为Mate30超感光徕卡三摄超级快充4000万4G智能手机mate30华为官方旗舰店,//detail.tmall.com/item.htm?id\u003d602918373522\u0026ns\u003d1\u0026abbucket\u003d13,3699.00,0.00,广东 深圳,1.0万+人付款,27777,2838892713,华为官方旗舰店
611275979103,,【顺丰包邮】HUAWEI/华为 P30官方正品手机倍数字变焦麒麟980,【顺丰包邮】HUAWEI/华为 P30官方正品手机30倍数字变焦麒麟980,//detail.tmall.com/item.htm?id\u003d611275979103\u0026ns\u003d1\u0026abbucket\u003d13,3158.00,5.00,上海,642人付款,223,725677994,天猫超市
606335538954,,【限时享24期免息】HUAWEI/华为Mate30 全网通5G智能手机麒麟990徕卡拍照手机旗舰新品官方正品,【限时享24期免息】HUAWEI/华为Mate30 全网通5G智能手机麒麟990徕卡拍照手机旗舰新品官方正品,//detail.tmall.com/item.htm?id\u003d606335538954\u0026ns\u003d1\u0026abbucket\u003d13,4499.00,0.00,江苏 南京,1.0万+人付款,10213,2616970884,苏宁易购官方旗舰店
610815089248,,【可省300元】OPPO Reno ACE手机智能手机,【可省300元】OPPO Reno ACE手机opporenoace智能手机renoace,//detail.tmall.com/item.htm?id\u003d610815089248\u0026ns\u003d1\u0026abbucket\u003d13,2999.00,5.00,上海,82人付款,211,725677994,天猫超市
605468103182,,【3期免息 再减1600元】Apple/苹果 iPhone 11 Pro Max 全网通4G智能手机苏宁易购官方旗舰店苹果11ProMax,【3期免息 再减1600元】Apple/苹果 iPhone 11 Pro Max 全网通4G智能手机苏宁易购官方旗舰店苹果11ProMax,//detail.tmall.com/item.htm?id\u003d605468103182\u0026ns\u003d1\u0026abbucket\u003d13,9599.00,0.00,江苏 南京,5500+人付款,3132,2616970884,苏宁易购官方旗舰店
615272095573,,华为HONOR荣耀30S手机麒麟820双模5G全网通3倍光学变焦官方旗舰店,华为HONOR荣耀30S手机麒麟820双模5G全网通3倍光学变焦官方旗舰店,//detail.tmall.com/item.htm?id\u003d615272095573\u0026ns\u003d1\u0026abbucket\u003d13,2399.00,5.00,上海,570人付款,54,725677994,天猫超市
610725504305,,Xiaomi小米手机红米K30-5G版本双模5G全网通小米k30性价比手机,Xiaomi小米手机红米K30-5G版本双模5G全网通小米k30性价比手机pro,//detail.tmall.com/item.htm?id\u003d610725504305\u0026ns\u003d1\u0026abbucket\u003d13,2199.00,5.00,上海,126人付款,213,725677994,天猫超市
606827865813,,【256GB低至2298元12期分期免息】vivo S5新品智能新手机官方旗舰店官网正品vivos5限量版x30 x27 s1 Pro s6,【256GB低至2298元12期分期免息】vivo S5新品智能新手机官方旗舰店官网正品vivos5限量版x30 x27 s1 Pro s6,//detail.tmall.com/item.htm?id\u003d606827865813\u0026ns\u003d1\u0026abbucket\u003d13,1998.00,0.00,广东 东莞,4557人付款,4610,883737303,vivo官方旗舰店
610634101207,,华为HONOR 荣耀V30 PRO5G版手机新正品官方,华为HONOR 荣耀V30 PRO5G版手机v30pro新正品官方,//detail.tmall.com/item.htm?id\u003d610634101207\u0026ns\u003d1\u0026abbucket\u003d13,3999.00,5.00,上海,567人付款,385,725677994,天猫超市
611873634612,,【限时24期免息】vivo iQOO 3高通骁龙865处理器5g双模游戏快充手机官方vivoiqoo3 vivo新iqoo iqoo3 限量版,【限时24期免息】vivo iQOO 3高通骁龙865处理器5g双模游戏快充手机官方vivoiqoo3 vivo新iqoo iqoo3 限量版,//detail.tmall.com/item.htm?id\u003d611873634612\u0026ns\u003d1\u0026abbucket\u003d13,3598.00,0.00,广东 东莞,4140人付款,5159,883737303,vivo官方旗舰店
598173320467,,【1199起】红米note8pro 6400万正品手机全面屏新品千元拍照智能学生老年人机小米官方旗舰店官网,【1199起】红米note8pro 6400万正品手机30全面屏新品千元拍照智能学生老年人机小米官方旗舰店官网,//detail.tmall.com/item.htm?id\u003d598173320467\u0026ns\u003d1\u0026abbucket\u003d13,1199.00,0.00,北京,2.5万+人付款,65583,1714128138,小米官方旗舰店
602613660417,,【下单减100 6期免息赠耳机】OPPO Reno Ace骁龙855plus智能游戏手机全面屏65W超级闪充opporenoace,【下单减100 6期免息赠耳机】OPPO Reno Ace骁龙855plus智能游戏手机90Hz全面屏65W超级闪充opporenoace,//detail.tmall.com/item.htm?id\u003d602613660417\u0026ns\u003d1\u0026abbucket\u003d13,2999.00,0.00,广东 东莞,3662人付款,19840,901409638,oppo官方旗舰店
608384662277,,【购机赠耳机】红米k30 索尼6400万大电量120Hz智能游戏k20学生手机小米官方旗舰店正品xiaomi,【购机赠耳机】红米k30 索尼6400万大电量120Hz智能游戏k20学生手机redmi小米官方旗舰店正品xiaomi,//detail.tmall.com/item.htm?id\u003d608384662277\u0026ns\u003d1\u0026abbucket\u003d13,1699.00,0.00,北京,1.5万+人付款,24413,1714128138,小米官方旗舰店
609854062414,,当天发【24期免息+50劵】Huawei/华为Nova 6 SE官方旗舰店正品手机非5g荣耀降价mate30pro直降nova7se新款P40,当天发【24期免息+50劵】Huawei/华为Nova 6 SE官方旗舰店正品手机非5g荣耀降价mate30pro直降nova7se新款P40,//detail.tmall.com/item.htm?id\u003d609854062414\u0026ns\u003d1\u0026abbucket\u003d13,1799.00,0.00,安徽 合肥,5500+人付款,4247,2088045547,京合旗舰店
614835047269,,6期免息【现货当天发】Huawei/华为 P40 Pro | 5G全网通手机官方旗舰店mate30pro正品nova6se新品p40上市p30,6期免息【现货当天发】Huawei/华为 P40 Pro | 5G全网通手机官方旗舰店mate30pro正品nova6se新品p40上市p30,//detail.tmall.com/item.htm?id\u003d614835047269\u0026ns\u003d1\u0026abbucket\u003d13,4188.00,0.00,安徽 合肥,397人付款,78,2088045547,京合旗舰店
608714569137,,【4.23限时24期】OPPO Reno3 双模5G全面屏智能手机万超薄VOOC闪充官方旗舰店opporeno3 reno,【4.23限时24期】OPPO Reno3 双模5G全面屏智能手机 6400万超薄VOOC闪充官方旗舰店opporeno3 reno,//detail.tmall.com/item.htm?id\u003d608714569137\u0026ns\u003d1\u0026abbucket\u003d13,3399.00,0.00,广东 东莞,1038人付款,3352,901409638,oppo官方旗舰店
612336839607,,【24期免息/领券减500元】xiaomi/小米10手机手机智能手机骁龙865官方旗舰店小米10pro尊享版红米K20小米十,【24期免息/领券减500元】xiaomi/小米10手机5g手机智能手机骁龙865官方旗舰店小米10pro尊享版红米K20小米十,//detail.tmall.com/item.htm?id\u003d612336839607\u0026ns\u003d1\u0026abbucket\u003d13,3999.00,0.00,山东 济南,639人付款,584,268451883,三际数码官方旗舰店
612505509115,,【新品24期免息】Samsung/三星 Galaxy S20+ 5G SM-G9860 骁龙865官方旗舰店全面屏智能 5G双模拍照手机,【新品24期免息】Samsung/三星 Galaxy S20+ 5G SM-G9860 骁龙865官方旗舰店全面屏智能 5G双模拍照手机120Hz,//detail.tmall.com/item.htm?id\u003d612505509115\u0026ns\u003d1\u0026abbucket\u003d13,7999.00,0.00,北京,868人付款,807,370627083,三星官方旗舰店
606456411888,,优惠2200当天发24期免息Huawei/华为Mate 30 Pro 5G手机版正品官方旗舰店mate p40直降价折叠新款,优惠2200当天发24期免息Huawei/华为Mate 30 Pro 5G手机mate30pro5G版正品官方旗舰店mate p40直降价折叠新款,//detail.tmall.com/item.htm?id\u003d606456411888\u0026ns\u003d1\u0026abbucket\u003d13,5399.00,0.00,山东 济南,899人付款,2160,268451883,三际数码官方旗舰店
580273092631,,【中国移动官旗】Apple/苹果/iPhone XR手机国行正品全网通 苹果iphone se预售,【中国移动官旗】Apple/苹果/iPhone XR手机 国行正品全网通 苹果iphone se预售,//detail.tmall.com/item.htm?id\u003d580273092631\u0026ns\u003d1\u0026abbucket\u003d13,4488.00,0.00,浙江 杭州,224人付款,2573,1776456424,中国移动官方旗舰店
612667875590,,6.3寸大屏水滴屏学生智能手机/米蓝mate30超薄游戏安卓全网通4G全面指纹解锁老年人老人机一体手机分期,6.3水滴老年人老人智能手机支持吃鸡王者,https://click.simba.taobao.com/cc_im?p\u003d%CA%D6%BB%FA\u0026s\u003d732638260\u0026k\u003d513\u0026e\u003d76sPd9z%2BtiD4vd2ntQD1Jl0npgsViaMh%2Fop60amDqIjT1BgDpqFt6npgqaGar85LBmBZORObzSOWF8Gf%2BoLKqbZKOV%2BvSW0S2xpJJ0p64CyXwEFFvVzhDWH%2BybxwOgl24UC5eYeeBjakxcYzV6Yn1nHXJatvsrMntS3JIFwNSG3nxMI0HbI%2BoB7Gda2RXkErTsGRYYjJYuAfOp16BJqKkbTfKlNh%2FLzesnIc3lJC%2FYXLHTfLh9tgF0R1%2FzRvMd4Eu7%2BLQEIpXnAfHW0dcVPZUF%2B8jxNKEGBIy7mKYCwjAPYgOEJ11hbgr%2FkPp%2FX%2BIsguNB8ylXNPw9uiaB5%2FJFhD%2FMtcPYpLSOXpwAC1gEVT0%2F7CFiZ9ohq6HDgChMvG6p31j0zVOkD50ZnZlfJ5ZbxrdT5BCCTE7HDmby0i31HRA8ppd%2F2GMkIrRbu%2Fi0BCKV5w4vx%2BtcxEHqMfWH5WioscW36Mkb4cKAmrTwGAr3nyuliHWmJt7bEiIP0CUUrNv9N3,248.00,0.00,广东 深圳,67人付款,,2207329923050,新昊天时代特价区
616423974528,,【现货预售/88VIP专享】Apple/iPhone SE苹果iphonese2预售苹果se2手机新款正品官网iphone se2官方旗舰店,【现货预售/88VIP专享】Apple/iPhone SE苹果iphonese2预售苹果se2手机新款正品官网iphone se2官方旗舰店,//detail.tmall.com/item.htm?id\u003d616423974528\u0026ns\u003d1\u0026abbucket\u003d13,3199.00,0.00,广东 广州,410人付款,,713805254,中国移动手机官方旗舰店
610126482137,,分期Apple/苹果 iPhone X 美版国行苹果xs max256g全新手机,分期Apple/苹果 iPhone X 美版国行苹果xs max256g全新手机xr8X,//item.taobao.com/item.htm?id\u003d610126482137\u0026ns\u003d1\u0026abbucket\u003d13#detail,2000.00,0.00,北京,2308人付款,2113,1088258278,陈娜5218
612720732549,,【2小时达】直降770Apple 苹果iPhone11全网通苹果11正品手机国行官方se官网8Plus旗舰店xsmax新品11promax,【2小时达】直降770Apple 苹果iPhone11全网通苹果11正品手机X国行官方se官网8Plus旗舰店xsmax新品11promax,//detail.tmall.com/item.htm?id\u003d612720732549\u0026ns\u003d1\u0026abbucket\u003d13,4779.00,0.00,浙江 杭州,416人付款,296,3026023842,千机网旗舰店
609429751811,,【24期免息】Apple/苹果iPhone 11 Pro Max 手机苹果11新品iphone11promax国行正品iphone13/iPhone xs max,【24期免息】Apple/苹果iPhone 11 Pro Max 手机苹果11新品iphone11promax国行正品iphone13/iPhone xs max,//detail.tmall.com/item.htm?id\u003d609429751811\u0026ns\u003d1\u0026abbucket\u003d13,8458.00,0.00,广东 深圳,186人付款,119,1710936647,博盛景数码专营店
612889270797,,Apple/苹果 iPhone 11 新款 苹果11 pro max国行手机有锁美版现货,Apple/苹果 iPhone 11 新款 苹果11 pro max国行手机有锁美版现货,//item.taobao.com/item.htm?id\u003d612889270797\u0026ns\u003d1\u0026abbucket\u003d13#detail,3420.00,0.00,广东 深圳,794人付款,176,93763117,胡文静_1980
596729266914,,优惠830元24期分期当天发Huawei/华为 nova 5 Pro手机官方旗舰店正品nova5pro直降mate305g全网通p20新款p40,优惠830元24期分期当天发Huawei/华为 nova 5 Pro手机官方旗舰店正品nova5pro直降mate305g全网通p20新款p40,//detail.tmall.com/item.htm?id\u003d596729266914\u0026ns\u003d1\u0026abbucket\u003d13,2198.00,0.00,广东 深圳,416人付款,7091,1800399917,同步飞扬数码专营店
592794106739,,顺丰速发【直降2000】Huawei/华为 P30手机正品华为官方旗舰店华为手机荣耀30s华为5g官网新款p40 pro,顺丰速发【直降2000】Huawei/华为 P30手机正品华为官方旗舰店华为手机p30pro荣耀30s华为5g官网新款p40 pro,//detail.tmall.com/item.htm?id\u003d592794106739\u0026ns\u003d1\u0026abbucket\u003d13,2838.00,0.00,北京,538人付款,3212,3063905773,创汇通达数码旗舰店
614057564104,,新品现货【分6期免息】华为/HUAWEI P40 5G版华为官方旗舰华为手机智能机正品直降mate305g p40pro 荣耀30,新品现货【分6期免息】华为/HUAWEI P40 5G版华为官方旗舰华为手机5g智能机正品直降mate305g p40pro 荣耀30,//detail.tmall.com/item.htm?id\u003d614057564104\u0026ns\u003d1\u0026abbucket\u003d13,4188.00,0.00,北京,356人付款,46,3063905773,创汇通达数码旗舰店
614585870911,,【12期免息】华为/HUAWEI P40 | 5G手机版正品官方旗舰店P30直降mate40折叠x新款,【12期免息】华为/HUAWEI P40 | 5G手机mate30pro5G版正品官方旗舰店P30直降mate40折叠x新款,//detail.tmall.com/item.htm?id\u003d614585870911\u0026ns\u003d1\u0026abbucket\u003d13,4488.00,0.00,广东 广州,98人付款,9,713805254,中国移动手机官方旗舰店
614058168857,,【当天发 6期免息 送豪礼】Huawei/华为P40 Pro 5G手机官方旗舰店mate30直降正品p30荣耀nova7 SE,【当天发 6期免息 送豪礼】Huawei/华为P40 Pro 5G手机P40pro Plus官方旗舰店mate30直降正品p30荣耀nova7 SE,//detail.tmall.com/item.htm?id\u003d614058168857\u0026ns\u003d1\u0026abbucket\u003d13,4188.00,0.00,浙江 杭州,353人付款,48,2615238525,华为莫问专卖店
605888337079,,【24期免息/送无线充】Apple/苹果 iPhone XR 全网通智能手机双卡双待苹果xr官网官方旗舰店降价国行,【24期免息/送无线充】Apple/苹果 iPhone XR 全网通智能手机双卡双待苹果xr官网官方旗舰店降价国行,//detail.tmall.com/item.htm?id\u003d605888337079\u0026ns\u003d1\u0026abbucket\u003d13,4488.00,0.00,上海,127人付款,92,686947088,卓瓦数码专营店
595632782403,,【正常发货】华为HONOR荣耀20 PRO全面屏麒麟980智能游戏30新品手机正品官方官网旗舰店v20pro直降,【正常发货】华为HONOR荣耀20 PRO全面屏麒麟980智能游戏30新品手机正品官方官网旗舰店v20pro直降,//detail.tmall.com/item.htm?id\u003d595632782403\u0026ns\u003d1\u0026abbucket\u003d13,2279.00,0.00,广东 深圳,771人付款,1926,2215302589,深蓝港数码旗舰店
614606110641,,6期免息【送碎屏险+当天发】Huawei/华为 P40 5G新款手机官方旗舰店P40pro手机全网荣耀p30正品现货,6期免息【送碎屏险+当天发】Huawei/华为 P40 5G新款手机官方旗舰店P40pro手机mate30pro全网荣耀p30正品现货,//detail.tmall.com/item.htm?id\u003d614606110641\u0026ns\u003d1\u0026abbucket\u003d13,4188.00,0.00,广东 深圳,384人付款,44,2215302589,深蓝港数码旗舰店
598278970241,,【可减380元领300元券】华为HONOR 荣耀9X系列麒麟810全网通手机官方旗舰店官网直降9xpro新款x9华为荣耀9x,【可减380元领300元券】华为HONOR 荣耀9X系列麒麟810全网通手机官方旗舰店官网直降9xpro新款x9华为荣耀9x,//detail.tmall.com/item.htm?id\u003d598278970241\u0026ns\u003d1\u0026abbucket\u003d13,1159.00,0.00,广东 深圳,5000+人付款,16460,2024314280,广东电信亿品汇专卖店
602443512524,,当天发【24期分期/送无线充】Apple/苹果 iPhone 11 手机现货4G全网通新款iphone11 pro max国行正品保证xs,当天发【24期分期/送无线充】Apple/苹果 iPhone 11 手机现货4G全网通新款iphone11 pro max国行正品保证xs,//detail.tmall.com/item.htm?id\u003d602443512524\u0026ns\u003d1\u0026abbucket\u003d13,4748.00,0.00,广东 深圳,235人付款,1084,1710936647,博盛景数码专营店
614835327037,,当天发【优惠300元24期分期】Huawei/华为 P40 pro 5G手机官方旗舰店正品p30pro直降5g新品mate40荣耀p40pro,当天发【优惠300元24期分期】Huawei/华为 P40 pro 5G手机官方旗舰店正品p30pro直降5g新品mate40荣耀p40pro,//detail.tmall.com/item.htm?id\u003d614835327037\u0026ns\u003d1\u0026abbucket\u003d13,4488.00,0.00,广东 深圳,201人付款,49,1800399917,同步飞扬数码专营店
609777669915,,【领100券+24期免息】Huawei/华为nova 6 新品官方旗舰店官网5G手机荣耀V30正品mate30现货7se直降P30 40,【领100券+24期免息】Huawei/华为nova 6 新品官方旗舰店官网5G手机5pro荣耀V30正品mate30现货7se直降P30 40,//detail.tmall.com/item.htm?id\u003d609777669915\u0026ns\u003d1\u0026abbucket\u003d13,2999.00,0.00,辽宁 大连,773人付款,665,1666576242,同迅数码专营店
603318027743,,【24期分期/送无线充】Apple苹果iPhone 11 全网通智能4G手机国行官网xr官方旗舰店x新款苹果11pro 9 se正品,【24期分期/送无线充】Apple苹果iPhone 11 全网通智能4G手机国行官网xr官方旗舰店x新款苹果11pro 9 se正品,//detail.tmall.com/item.htm?id\u003d603318027743\u0026ns\u003d1\u0026abbucket\u003d13,4718.00,0.00,上海,136人付款,1292,686947088,卓瓦数码专营店
605891668832,,【24期免息/顺丰当天发】Huawei/华为 Mate 30 Pro 5G版官方旗舰店华为手机全网通新款P正品mate40,【24期免息/顺丰当天发】Huawei/华为 Mate 30 Pro 5G版官方旗舰店华为手机mate30pro全网通新款P正品mate40,//detail.tmall.com/item.htm?id\u003d605891668832\u0026ns\u003d1\u0026abbucket\u003d13,5399.00,0.00,上海,1059人付款,1794,263726286,能良数码官方旗舰店
602673206302,,到手可4778起 or送蓝牙耳机】Apple/苹果 iPhone 11 双卡全网通iphone11手机官网旗舰店xr/pro/8plus/se手机,到手可4778起 or送蓝牙耳机】Apple/苹果 iPhone 11 双卡全网通iphone11手机官网旗舰店xr/pro/8plus/se手机,//detail.tmall.com/item.htm?id\u003d602673206302\u0026ns\u003d1\u0026abbucket\u003d13,4828.00,0.00,浙江 杭州,387人付款,864,2204163545195,轻松换数码旗舰店
615784902173,,分期免息 Apple/苹果 iPhone XR 苹果xr xs max 国行4G全网通手机,分期免息 Apple/苹果 iPhone XR 苹果xr xs max 国行4G全网通手机,//item.taobao.com/item.htm?id\u003d615784902173\u0026ns\u003d1\u0026abbucket\u003d13#detail,3300.00,0.00,广东 深圳,1652人付款,146,57272322,fengyuanyuan2007
603536435945,,【中国移动官旗】24期免息/苹果11 Apple/iphone11苹果手机全网通国行 原装手机苹果正品iPhone SE,【中国移动官旗】24期免息/苹果11 Apple/iphone11苹果手机全网通国行 原装手机苹果正品iPhone SE,//detail.tmall.com/item.htm?id\u003d603536435945\u0026ns\u003d1\u0026abbucket\u003d13,5499.00,0.00,浙江 杭州,134人付款,1353,1776456424,中国移动官方旗舰店
604853284728,,【至高减500 2499起】realme真我x2 pro骁龙855plus四摄50w闪充90hz屏智能游戏学生手机官方正品realmex2pro,【至高减500 2499起】realme真我x2 pro骁龙855plus四摄50w闪充90hz屏智能游戏学生手机官方正品realmex2pro,//detail.tmall.com/item.htm?id\u003d604853284728\u0026ns\u003d1\u0026abbucket\u003d13,2499.00,0.00,广东 东莞,448人付款,3804,2200766936524,realme官方旗舰店
613798956973,,24期免息当天发 新品vivo S6 5G手机全网通vivos6 s5 vivo官方旗舰店 vivos6s vovis6 s1pro vivos6手机,24期免息当天发 新品vivo S6 5G手机全网通vivos6 s5 vivo官方旗舰店 vivos6s vovis6 s1pro vivos6手机5g,//detail.tmall.com/item.htm?id\u003d613798956973\u0026ns\u003d1\u0026abbucket\u003d13,2698.00,0.00,广东 东莞,441人付款,123,697028616,vivo天诚专卖店
613718972841,,Apple/苹果 iPhone 11 Pro Max苹果11promax国行双卡美版新款手机,Apple/苹果 iPhone 11 Pro Max苹果11promax国行双卡美版新款手机,//item.taobao.com/item.htm?id\u003d613718972841\u0026ns\u003d1\u0026abbucket\u003d13#detail,3288.00,0.00,广东 深圳,1160人付款,397,74390222,nl0306
613422709597,,分期免息Apple/苹果 iPhone 11 Pro Max 苹果iPhone11 promax手机,分期免息Apple/苹果 iPhone 11 Pro Max 苹果iPhone11 promax手机,//item.taobao.com/item.htm?id\u003d613422709597\u0026ns\u003d1\u0026abbucket\u003d13#detail,4700.00,0.00,广东 深圳,771人付款,234,102953898,lulu360532268
611919249175,,Apple/苹果 iPhone 8 Plus 苹果8plus 8X 国行全网通4G手机分期,Apple/苹果 iPhone 8 Plus 苹果8plus 8X 国行全网通4G手机8p分期,//item.taobao.com/item.htm?id\u003d611919249175\u0026ns\u003d1\u0026abbucket\u003d13#detail,1150.00,0.00,广东 广州,5000+人付款,2720,2472401524,棉艺世家
615424415550,,【 晒单赠自拍杆】华为旗下荣耀Play4T Pro新品麒麟810芯片OLED屏幕指纹学生全面游戏手机官方旗舰店3,【 晒单赠自拍杆】华为旗下荣耀Play4T Pro新品麒麟810芯片OLED屏幕指纹学生全面游戏手机官方旗舰店3,//detail.tmall.com/item.htm?id\u003d615424415550\u0026ns\u003d1\u0026abbucket\u003d13,1499.00,0.00,广东 深圳,1.5万+人付款,3024,1114511827,荣耀官方旗舰店
615047109834,,【评价晒单送自拍杆】华为旗下荣耀Play4T手机新品6+128GB大内存大电池AI摄影官方旗舰店30老人机X手机,【评价晒单送自拍杆】华为旗下荣耀Play4T手机新品6+128GB大内存大电池AI摄影官方旗舰店30老人机X手机,//detail.tmall.com/item.htm?id\u003d615047109834\u0026ns\u003d1\u0026abbucket\u003d13,1199.00,0.00,广东 深圳,4119人付款,,1114511827,荣耀官方旗舰店
606306790423,,【24期免息】Huawei/华为Mate 30 5G麒麟990超感光徕卡5G智能手机华为官方旗舰店,【24期免息】Huawei/华为Mate 30 5G麒麟990超感光徕卡5G智能手机mate305g华为官方旗舰店,//detail.tmall.com/item.htm?id\u003d606306790423\u0026ns\u003d1\u0026abbucket\u003d13,4499.00,0.00,广东 深圳,2.0万+人付款,45703,2838892713,华为官方旗舰店
606307762219,,【24期免息】Huawei/华为Mate30 Pro 5G旗舰芯片徕卡四摄5G智能手机官方旗舰店,【24期免息】Huawei/华为Mate30 Pro 5G旗舰芯片徕卡四摄5G智能手机mate30pro5g官方旗舰店,//detail.tmall.com/item.htm?id\u003d606307762219\u0026ns\u003d1\u0026abbucket\u003d13,5899.00,0.00,广东 深圳,1.0万+人付款,57177,2838892713,华为官方旗舰店
602661002260,,【3期免息 再减1200元】Apple/苹果 iPhone 11 Pro全网通4G智能手机苏宁易购官方旗舰店 苏宁直发苹果11pro,【3期免息 再减1200元】Apple/苹果 iPhone 11 Pro全网通4G智能手机 苏宁易购官方旗舰店 苏宁直发苹果11pro,//detail.tmall.com/item.htm?id\u003d602661002260\u0026ns\u003d1\u0026abbucket\u003d13,8699.00,0.00,江苏 南京,1854人付款,6685,2616970884,苏宁易购官方旗舰店
610366340624,,【拍立减280元】华为HONOR荣耀9X手机麒麟810芯片升降全面9X官方,【拍立减280元】华为HONOR荣耀9X手机麒麟810芯片升降全面9X官方,//detail.tmall.com/item.htm?id\u003d610366340624\u0026ns\u003d1\u0026abbucket\u003d13,1799.00,5.00,上海,2159人付款,1055,725677994,天猫超市
610798806459,,【顺丰现货速发】Apple/苹果 iPhone 11 Pro手机国行 全国联保,【顺丰现货速发】Apple/苹果 iPhone 11 Pro手机 国行 全国联保,//detail.tmall.com/item.htm?id\u003d610798806459\u0026ns\u003d1\u0026abbucket\u003d13,7799.00,5.00,上海,35人付款,26,725677994,天猫超市
602537381835,,Apple/苹果 iPhone 11 移动联通电信4G全网通手机原封国行 全国联保,Apple/苹果 iPhone 11 移动联通电信4G全网通手机 原封国行 全国联保,//detail.tmall.com/item.htm?id\u003d602537381835\u0026ns\u003d1\u0026abbucket\u003d13,4999.00,0.00,江苏 南京,7500+人付款,10475,2616970884,苏宁易购官方旗舰店
613748961043,,vivo Z6新品双模5G限量版智能手机官方正品骁龙765G处理器vivoz6,vivo Z6新品双模5G限量版智能手机官方正品骁龙765G处理器vivoz6,//detail.tmall.com/item.htm?id\u003d613748961043\u0026ns\u003d1\u0026abbucket\u003d13,2298.00,5.00,上海,58人付款,4,725677994,天猫超市
610553793902,,【顺丰包邮】HUAWEI/华为 P30 Pro手机倍数字变焦,【顺丰包邮】HUAWEI/华为 P30 Pro手机50倍数字变焦,//detail.tmall.com/item.htm?id\u003d610553793902\u0026ns\u003d1\u0026abbucket\u003d13,3858.00,5.00,上海,407人付款,82,725677994,天猫超市
611020445921,,OPPO K5手机全网通全面屏6400万超清四摄高通骁龙730G闪充oppok5,OPPO K5手机全网通全面屏6400万超清四摄高通骁龙730G闪充oppok5,//detail.tmall.com/item.htm?id\u003d611020445921\u0026ns\u003d1\u0026abbucket\u003d13,1699.00,5.00,上海,313人付款,271,725677994,天猫超市
612463347402,,【新品24期分期免息】vivo NEX 3S 高通骁龙865全网通游戏5G智能手机官方旗舰店官网正品全新限量版vivonex3,【新品24期分期免息】vivo NEX 3S 高通骁龙865全网通游戏5G智能手机官方旗舰店官网正品全新限量版vivonex3,//detail.tmall.com/item.htm?id\u003d612463347402\u0026ns\u003d1\u0026abbucket\u003d13,4998.00,0.00,广东 东莞,1098人付款,817,883737303,vivo官方旗舰店
594178871770,,【赠XE710耳机】vivo Y3官方旗舰店正品手机官网y3学生青春老人老年智能机全网通全面屏超长待机大屏y93 5s7s,【赠XE710耳机】vivo Y3官方旗舰店正品手机官网y3学生青春老人老年智能机全网通全面屏超长待机大屏y93 5s7s,//detail.tmall.com/item.htm?id\u003d594178871770\u0026ns\u003d1\u0026abbucket\u003d13,1098.00,0.00,广东 东莞,715人付款,1160,883737303,vivo官方旗舰店
600630289146,,【6+64G低至999】红米note8 4800万四摄拍照游戏学生智能手机全面屏pro小米官方旗舰店正品7xiaomi,【6+64G低至999】红米note8 4800万四摄拍照游戏学生智能手机redmi全面屏pro小米官方旗舰店正品7xiaomi,//detail.tmall.com/item.htm?id\u003d600630289146\u0026ns\u003d1\u0026abbucket\u003d13,899.00,0.00,北京,5.5万+人付款,74158,1714128138,小米官方旗舰店
612141704915,,华为nova5z【直降】HUAWEI nova 5z手机官方全新正品nova5pro 6,华为nova5z顺丰速发HUAWEI,https://click.simba.taobao.com/cc_im?p\u003d%CA%D6%BB%FA\u0026s\u003d2025687214\u0026k\u003d505\u0026e\u003dRRrehusQAx7d5P%2BAaeLXA5S5%2Fyp1sIWUPPlXUVr2z5pawYQEI95WYtPIH9pWevSRZrQLwucEE5OZ7J0z%2F1QjWc7okkHFhZBbfKeu3ShA17vtBglJtjE%2BsF5mSa6g%2BwSULNPLwEw7uBadmjfRAWFWUt%2BSSkdn6jLEKll%2F9gwHkZC%2BPE%2Bwkn7KWFUeX%2FKtOpMMx74mkrgFWHSj2vYIu%2BlOIS3v5AUT9WuPNhLQVgz0SELIPWWPL7y2jxdtUstROvJ6poSB8rwOw0K5Z3laVeXwHW37txc9uS%2Bc1CUR7hRncltm6Lox5sMQFXLKpB44UvGVPDc7Lkkc8yoHZMxqfTN5ctdtBVyGGPeD9ku8pLFDMvUIhF8Gil1nOYpdVUE08Pamupztc0x8UX2J9X6srYsSTrlneVpV5fAd34RUF5LXB35FQXfB%2BzbIjFb6pHch7Dl%2BATVntPaovXhn%2BjNo7yMxvSHunNwaq2Dk9wr0Z0%2BJO1Z8DLKirC3Wuw%3D%3D#detail,1049.00,0.00,广东 深圳,671人付款,,674059688,chenghong301314
613393479604,,【24期免息+赠99元耳机】红米k30pro 骁龙865索尼6400万智能游戏学生5g手机小米官方旗舰店正品xiaomi王一博,【24期免息+赠99元耳机】红米k30pro 骁龙865索尼6400万智能游戏学生5g手机小米官方旗舰店正品xiaomi王一博,//detail.tmall.com/item.htm?id\u003d613393479604\u0026ns\u003d1\u0026abbucket\u003d13,2999.00,0.00,北京,197人付款,33,1714128138,小米官方旗舰店
606456411888,,优惠2200当天发24期免息Huawei/华为Mate 30 Pro 5G手机版正品官方旗舰店mate p40直降价折叠新款,优惠2200当天发24期免息Huawei/华为Mate 30 Pro 5G手机mate30pro5G版正品官方旗舰店mate p40直降价折叠新款,//detail.tmall.com/item.htm?id\u003d606456411888\u0026ns\u003d1\u0026abbucket\u003d13,5399.00,0.00,山东 济南,899人付款,2160,268451883,三际数码官方旗舰店
598003098665,,【领300元券可减380元】华为HONOR 荣耀9X全网通手机麒麟810系列10x官方旗舰店30s直降9xpro青春x9 play4Tpro,【领300元券可减380元】华为HONOR 荣耀9X全网通手机麒麟810系列10x官方旗舰店30s直降9xpro青春x9 play4Tpro,//detail.tmall.com/item.htm?id\u003d598003098665\u0026ns\u003d1\u0026abbucket\u003d13,1159.00,0.00,山东 济南,4485人付款,12819,268451883,三际数码官方旗舰店
615355810819,,【新品上市 6期免息】Samsung/三星 Galaxy A71 SM-A7160 5G官方旗舰店全面屏智能 5G双模拍照手机正品国行,【新品上市 6期免息】Samsung/三星 Galaxy A71 SM-A7160 5G官方旗舰店全面屏智能 5G双模拍照手机正品国行,//detail.tmall.com/item.htm?id\u003d615355810819\u0026ns\u003d1\u0026abbucket\u003d13,3399.00,0.00,北京,619人付款,62,370627083,三星官方旗舰店
608270252386,,当天发【24期免息】华为honor/荣耀 荣耀V30 pro 5G手机官方旗舰店20青春版9x官网正品全网通学生手机降价,当天发【24期免息】华为honor/荣耀 荣耀V30 pro 5G手机官方旗舰店20青春版9x官网正品全网通学生手机8x降价,//detail.tmall.com/item.htm?id\u003d608270252386\u0026ns\u003d1\u0026abbucket\u003d13,3699.00,0.00,安徽 合肥,477人付款,589,2088045547,京合旗舰店
612271461720,,【23日12期免息折叠新品】Samsung/三星 Galaxy Z Flip SM-F7000 8+256GB 小巧新潮掌心折叠屏 智能自拍手机,【23日12期免息折叠新品】Samsung/三星 Galaxy Z Flip SM-F7000 8+256GB 小巧新潮掌心折叠屏 智能自拍手机,//detail.tmall.com/item.htm?id\u003d612271461720\u0026ns\u003d1\u0026abbucket\u003d13,11999.00,0.00,北京,406人付款,929,370627083,三星官方旗舰店
606769443360,,当天发【24期免息 咨询优惠】HUAWEI/华为 Mate 30 5G手机官方旗舰店正品mate30 5g直降p30/20 x/p40pro,当天发【24期免息 咨询优惠】HUAWEI/华为 Mate 30 5G手机官方旗舰店正品mate30 5g直降p30/20 x/p40pro,//detail.tmall.com/item.htm?id\u003d606769443360\u0026ns\u003d1\u0026abbucket\u003d13,3699.00,0.00,广东 深圳,979人付款,401,1710936647,博盛景数码专营店
581904106670,,顺丰速发/赠好礼Huawei/华为Mate20手机华为官方旗舰店华为手机免息官网mate20pro直降p30pro新款mate30pro5g,顺丰速发/赠好礼Huawei/华为Mate20手机华为官方旗舰店华为手机免息官网mate20pro直降p30pro新款mate30pro5g,//detail.tmall.com/item.htm?id\u003d581904106670\u0026ns\u003d1\u0026abbucket\u003d13,2599.00,0.00,北京,519人付款,1170,3063905773,创汇通达数码旗舰店
606141561884,,【24期免息/顺丰当天发】Huawei/华为 Mate 30 5G版手机官网官方旗舰店华为手机全网通mate40pro折叠直降p30,【24期免息/顺丰当天发】Huawei/华为 Mate 30 5G版手机官网官方旗舰店华为手机全网通mate40pro折叠直降p30,//detail.tmall.com/item.htm?id\u003d606141561884\u0026ns\u003d1\u0026abbucket\u003d13,3999.00,0.00,上海,1231人付款,1751,263726286,能良数码官方旗舰店
602909085750,,当天发货/24期分期Apple/苹果iPhone 11官方旗舰店国行苹果11全网通4G手机官方xr iPhone se新品11pro xsmax,当天发货/24期分期Apple/苹果iPhone 11官方旗舰店国行苹果11全网通4G手机x官方xr iPhone se新品11pro xsmax,//detail.tmall.com/item.htm?id\u003d602909085750\u0026ns\u003d1\u0026abbucket\u003d13,4758.00,0.00,上海,326人付款,1126,263726286,能良数码官方旗舰店
615545418138,,新品【当天发/送手环音箱】华为荣耀Play4T Pro手机麒麟810芯片官方旗舰店play4tpro/9x学生play3游戏30s,新品【当天发/送手环音箱】华为荣耀Play4T Pro手机麒麟810芯片官方旗舰店play4tpro/9x学生play3游戏30s,//detail.tmall.com/item.htm?id\u003d615545418138\u0026ns\u003d1\u0026abbucket\u003d13,1499.00,0.00,广东 深圳,413人付款,103,1710936647,博盛景数码专营店
614058532002,,新品现货【6期免息】Huawei/华为 P40 Pro5G版手机正品华为官方旗舰店华为手机官网新款p40直降mate30荣耀30,新品现货【6期免息】Huawei/华为 P40 Pro5G版手机正品华为官方旗舰店华为手机官网新款p40直降mate30荣耀30,//detail.tmall.com/item.htm?id\u003d614058532002\u0026ns\u003d1\u0026abbucket\u003d13,5988.00,0.00,北京,331人付款,43,3063905773,创汇通达数码旗舰店
611584920905,,领券咨询可减500【24期免息+送无线充】Xiaomi/小米10官方旗舰店5g全网通10pro尊享官网骁龙865手机米10青春,领券咨询可减500【24期免息+送无线充】Xiaomi/小米10官方旗舰店5g全网通10pro尊享官网骁龙865手机米10青春,//detail.tmall.com/item.htm?id\u003d611584920905\u0026ns\u003d1\u0026abbucket\u003d13,3999.00,0.00,广东 深圳,705人付款,471,2024314280,广东电信亿品汇专卖店
596755240648,,【优惠700+24期免息】Huawei/华为 nova 5 Pro新款手机官方旗舰店5g直降mate30官网p30正品荣耀6全网通p40pro,【优惠700+24期免息】Huawei/华为 nova 5 Pro新款手机官方旗舰店5g直降mate30官网p30正品荣耀6全网通p40pro,//detail.tmall.com/item.htm?id\u003d596755240648\u0026ns\u003d1\u0026abbucket\u003d13,2499.00,0.00,广东 深圳,1034人付款,4631,2215302589,深蓝港数码旗舰店
602657574303,,【中国移动官旗】iphone苹果11 Pro Max Apple/iPhone11 Pro Max苹果手机全网通国行iPhone SE,【中国移动官旗】iphone苹果11 Pro Max Apple/iPhone11 Pro Max苹果手机全网通国行iPhone SE,//detail.tmall.com/item.htm?id\u003d602657574303\u0026ns\u003d1\u0026abbucket\u003d13,7998.00,0.00,浙江 杭州,366人付款,558,1776456424,中国移动官方旗舰店
612757655784,,24期免息花呗分期付款0首付 Huawei/华为 nova 6 SE超级快充4800万AI四摄大运存智能手机华为官方旗舰店,24期免息花呗分期付款0首付 Huawei/华为 nova 6 SE超级快充4800万AI四摄大运存智能手机华为官方旗舰店,//detail.tmall.com/item.htm?id\u003d612757655784\u0026ns\u003d1\u0026abbucket\u003d13,2199.00,0.00,广东 深圳,376人付款,105,2024314280,广东电信亿品汇专卖店
610038892315,,【至高减200 24期免息】realme真我X50骁龙765全网通双模5g120hz屏智能学生游戏新品5g手机官方正品realmex50,【至高减200 24期免息】realme真我X50骁龙765全网通双模5g120hz屏智能学生游戏新品5g手机官方正品realmex50,//detail.tmall.com/item.htm?id\u003d610038892315\u0026ns\u003d1\u0026abbucket\u003d13,2498.90,0.00,广东 东莞,586人付款,2445,2200766936524,realme官方旗舰店
613079388840,,Apple/苹果 iPhone XS Max苹果xsmax 国行8x xr双卡手机,Apple/苹果 iPhone XS Max苹果xsmax 国行8x xr双卡手机 iPhonexr,//item.taobao.com/item.htm?id\u003d613079388840\u0026ns\u003d1\u0026abbucket\u003d13#detail,3180.00,0.00,广东 深圳,307人付款,152,849024047,燕燕宝贝bobo
615904587160,,Apple/苹果 iPhone 8 Plus 苹果8plus国行正品8p iphone8x手机代,Apple/苹果 iPhone 8 Plus 苹果8plus国行正品8p iphone8x手机8代,//item.taobao.com/item.htm?id\u003d615904587160\u0026ns\u003d1\u0026abbucket\u003d13#detail,1900.00,0.00,广东 深圳,2602人付款,320,2210049042,ysdee9
590267526173,,当天发优惠2500元24期分期Huawei/华为 P30 Pro官方旗舰店正品荣耀p30pro直降mate30全网通5g手机新版p40 pro,当天发优惠2500元24期分期Huawei/华为 P30 Pro官方旗舰店正品荣耀p30pro直降mate30全网通5g手机新版p40 pro,//detail.tmall.com/item.htm?id\u003d590267526173\u0026ns\u003d1\u0026abbucket\u003d13,3188.00,0.00,广东 深圳,294人付款,7404,1800399917,同步飞扬数码专营店
607173967753,,优惠300元【24期免息】 HUAWEI/华为 Mate 30  5G手机官方旗舰店p30正品mate30pro直降荣耀mate40全网p40pro,优惠300元【24期免息】 HUAWEI/华为 Mate 30  5G手机官方旗舰店p30正品mate30pro直降荣耀mate40全网p40pro,//detail.tmall.com/item.htm?id\u003d607173967753\u0026ns\u003d1\u0026abbucket\u003d13,4499.00,0.00,广东 深圳,1419人付款,1329,2215302589,深蓝港数码旗舰店
616157519856,,现货当天发/24期分期/Huawei/华为 P40 Pro 5G手机官方旗舰店华为p40pro全网通官网正品mate30新品nova6上市,现货当天发/24期分期/Huawei/华为 P40 Pro 5G手机官方旗舰店华为p40pro全网通官网正品mate30新品nova6上市,//detail.tmall.com/item.htm?id\u003d616157519856\u0026ns\u003d1\u0026abbucket\u003d13,4188.00,0.00,北京,185人付款,13,2924891464,京联通达数码旗舰店
605657538201,,【享6期免息】SMARTISAN/锤子坚果Pro3手机新品高通骁龙855Plus大电池四摄智能手机官方旗舰店,【享6期免息】SMARTISAN/锤子坚果Pro3手机 新品高通骁龙855Plus大电池四摄智能手机官方旗舰店,//detail.tmall.com/item.htm?id\u003d605657538201\u0026ns\u003d1\u0026abbucket\u003d13,2399.00,0.00,广东 深圳,2273人付款,6412,2201137262907,坚果手机旗舰店
609061050069,,24期免息+直降300元当天发【新品】Huawei/华为nova 6 5G/nova 6 4G华为官网官方旗舰店正品P30p5g手机现货,24期免息+直降300元当天发【新品】Huawei/华为nova 6 5G/nova 6 4G华为官网官方旗舰店正品P30p5g手机现货,//detail.tmall.com/item.htm?id\u003d609061050069\u0026ns\u003d1\u0026abbucket\u003d13,2999.00,0.00,安徽 合肥,358人付款,419,1684634320,小淘器数码专营店
616054990638,,分期免息Apple/苹果 iPhone 8 Plus 正品苹果8代iphone8p国行手机,分期免息Apple/苹果 iPhone 8 Plus 正品苹果8代iphone8p国行手机,//item.taobao.com/item.htm?id\u003d616054990638\u0026ns\u003d1\u0026abbucket\u003d13#detail,2080.00,0.00,广东 深圳,490人付款,32,716665928,菲菲扬扬79
602657142857,,【24期免息/现货速发！】苹果11 Apple/iPhone 11苹果手机新款全网通国行 原装手机苹果正品xrxs,【24期免息/现货速发！】苹果11 Apple/iPhone 11苹果手机iPhonese2019新款全网通国行 原装手机苹果正品xrxs,//detail.tmall.com/item.htm?id\u003d602657142857\u0026ns\u003d1\u0026abbucket\u003d13,5499.00,0.00,广东 广州,730人付款,5684,713805254,中国移动手机官方旗舰店
614835107629,,【6期免息 现货速发】Huawei/华为p40 pro手机官网官方旗舰店正品5g手机徕卡四摄麒麟990芯片50倍变焦新品p40,【6期免息 现货速发】Huawei/华为p40 pro手机官网官方旗舰店正品5g手机徕卡四摄麒麟990芯片50倍变焦新品p40,//detail.tmall.com/item.htm?id\u003d614835107629\u0026ns\u003d1\u0026abbucket\u003d13,4188.00,0.00,安徽 合肥,104人付款,7,1684634320,小淘器数码专营店
612013975659,,新品Xiaomi/小米 小米10官方全网通Pro骁龙865手机旗舰9pro 5G,新品Xiaomi/小米 小米10官方全网通Pro骁龙865手机旗舰9pro 5G,//item.taobao.com/item.htm?id\u003d612013975659\u0026ns\u003d1\u0026abbucket\u003d13#detail,3699.00,0.00,广东 深圳,3258人付款,8080,75859100,heatlinda
611868931388,,【24期免息】OPPO Reno3元气版5g手机新款上市oppo官方旗舰店opporeno3pro5g版 0ppo未来xr17r19 0pp0renoace,【24期免息】OPPO Reno3元气版5g手机新款上市oppo官方旗舰店opporeno3pro5g版 0ppo未来xr17r19 0pp0renoace,//detail.tmall.com/item.htm?id\u003d611868931388\u0026ns\u003d1\u0026abbucket\u003d13,2999.00,0.00,广东 广州,744人付款,724,1748529144,oppo平实专卖店
558762359613,,【顺丰速发】Apple/苹果 iPhone 8 Plus 全网通4G智能手机苹果8P iPhone xs max 11Pro,【顺丰速发】Apple/苹果 iPhone 8 Plus 全网通4G智能手机 iphone 8苹果8P iPhone xs max 11Pro,//detail.tmall.com/item.htm?id\u003d558762359613\u0026ns\u003d1\u0026abbucket\u003d13,4229.00,0.00,北京,20人付款,11783,713805254,中国移动手机官方旗舰店
606698603103,,优惠1400当天发24期免息HUAWEI/华为Mate 30 5G版手机官方旗舰店正品mate30pro5g全网通p30荣耀mate40折叠p40,优惠1400当天发24期免息HUAWEI/华为Mate 30 5G版手机官方旗舰店正品mate30pro5g全网通p30荣耀mate40折叠p40,//detail.tmall.com/item.htm?id\u003d606698603103\u0026ns\u003d1\u0026abbucket\u003d13,3999.00,0.00,广东 深圳,310人付款,1627,1800399917,同步飞扬数码专营店
612758503702,,【立减100】 vivo z6 全新官网正品5G手机新品vivoz5 vivo手机手机手机,【立减100】 vivo z6 全新官网正品5G手机 vivoz6 vivoz5x新品vivoz5 vivo手机vivoz6 5G手机z5x z6 vivo手机,//detail.tmall.com/item.htm?id\u003d612758503702\u0026ns\u003d1\u0026abbucket\u003d13,2298.00,0.00,江苏 南京,426人付款,228,2928765399,vivo曼尼金专卖店
611675517986,,Samsung/三星 Galaxy S20+ SM-G9860 S20Ultra港行港版韩版5G手机,Samsung/三星 Galaxy S20+ SM-G9860 S20Ultra港行港版韩版5G手机,//item.taobao.com/item.htm?id\u003d611675517986\u0026ns\u003d1\u0026abbucket\u003d13#detail,4568.00,0.00,广东 深圳,1571人付款,713,197110317,点点通讯2009
605633376954,,【下单减100 】vivo iQOO Neo855骁龙手机新品vivoiqooneo vivoiqoo iqooneo855游戏手机官方旗舰店,【下单减100 】vivo iQOO Neo855骁龙手机新品vivoiqooneo vivoiqoo iqooneo855游戏手机 vivo官方旗舰店,//detail.tmall.com/item.htm?id\u003d605633376954\u0026ns\u003d1\u0026abbucket\u003d13,1998.00,0.00,上海,566人付款,3781,1637289231,vivo欧曙专卖店
605646704213,,下单省400 vivo iQOO Neo855版手机官方旗舰店iq00por,下单省400 vivo iQOO Neo855版手机 vivoiqooneo vivoiqoo3 iqooneo2 iqoopro5g ne0 vovi官方旗舰店iq00por,//detail.tmall.com/item.htm?id\u003d605646704213\u0026ns\u003d1\u0026abbucket\u003d13,2198.00,0.00,浙江 杭州,202人付款,1395,1864868535,vivo航鹰专卖店
614728574722,,新品P40现货速发 Huawei/华为 p40 pro 5G麒麟990手机+,新品P40现货速发 Huawei/华为 p40 pro 5G麒麟990手机P40 p40pro+,//item.taobao.com/item.htm?id\u003d614728574722\u0026ns\u003d1\u0026abbucket\u003d13#detail,3988.00,0.00,山东 济南,12人付款,4,1918896933,风一花雪月
608819507503,,【限时优惠200元12期免息】华为旗下荣耀V30 PRO手机新品双模麒麟990 5GSOC芯片相机矩阵手机新正品,【限时优惠200元12期免息】华为旗下荣耀V30 PRO手机新品双模麒麟990 5GSOC芯片相机矩阵手机新正品,//detail.tmall.com/item.htm?id\u003d608819507503\u0026ns\u003d1\u0026abbucket\u003d13,3999.00,0.00,广东 深圳,3904人付款,9712,1114511827,荣耀官方旗舰店
615903514010,,【购机享12期免息】华为旗下荣耀30 Pro/荣耀30 Pro+新品5G手机倍超稳远摄李现同款拍照手机官方旗舰店,【购机享12期免息】华为旗下荣耀30 Pro/荣耀30 Pro+新品5G手机50倍超稳远摄李现同款拍照手机官方旗舰店,//detail.tmall.com/item.htm?id\u003d615903514010\u0026ns\u003d1\u0026abbucket\u003d13,3999.00,0.00,广东 深圳,1509人付款,,1114511827,荣耀官方旗舰店
605867145401,,【直降200】Huawei/华为nova 5z快充AI4800万四摄超级夜景128G内存智能手机华为官方旗舰店,【直降200】Huawei/华为nova 5z快充AI4800万四摄超级夜景128G内存智能手机华为官方旗舰店,//detail.tmall.com/item.htm?id\u003d605867145401\u0026ns\u003d1\u0026abbucket\u003d13,1599.00,0.00,广东 深圳,2.0万+人付款,39001,2838892713,华为官方旗舰店
615972805479,,【百亿补贴专属】Huawei/华为Mate30超级快充4000万徕卡4G智能手机官方旗舰店,【百亿补贴专属】Huawei/华为Mate30超级快充4000万徕卡4G智能手机mate30官方旗舰店,//detail.tmall.com/item.htm?id\u003d615972805479\u0026ns\u003d1\u0026abbucket\u003d13,3699.00,0.00,广东 深圳,3667人付款,99,2838892713,华为官方旗舰店
613017390157,,vivo iQOO3 5G骁龙865处理器55W闪充性能旗舰拍照游戏手机,vivo iQOO3 5G骁龙865处理器55W闪充性能旗舰拍照游戏手机iqoo3,//detail.tmall.com/item.htm?id\u003d613017390157\u0026ns\u003d1\u0026abbucket\u003d13,3598.00,5.00,上海,45人付款,20,725677994,天猫超市
