title,level,addr,tip,price
越秀公园,4A景区,广东省广州市越秀区环市中路988号,登楼远眺，羊城美景尽收眼底,¥1 起
长隆欢乐世界,5A景区,广东省广州市番禺区长隆旅游度假区内,垂直过山车等挑战你的青春荷尔蒙,¥214 起
广州动物园,4A景区,广东省广州市越秀区先烈中路120号,我国三大城市动物园之一,¥2.5 起
广州文化公园,---,广州市西堤二马路37号,园林文化浓郁、生态环境优美宜人,
广州友谊剧院,---,广东省广州市人民北路698号,广州具有历史感的剧院,
广州长隆酒店白虎餐厅,---,广东省广州市番禺区长隆旅游度假区内,在大饱口福的同时大饱眼福,
长隆水上乐园,5A景区,广东省广州市番禺区迎宾路长隆旅游度假区内,全球必去的水上乐园,
广州旅游观光双层巴士,---,广东省广州市越秀区北京路步行街南（北京南路仰忠汇西北出口）,乘坐观光巴士，了解广府文化,
蜘蛛侠栈道,---,广州市海珠区新港中艺苑路(近珠江南岸),漫步空中，观赏羊城美景,
广州塔速降体验,---,广东省广州市海珠区新港中艺苑路,难道真的存在与现实相同的另一个世界,
488Deck云霄平台,---,广东省广州市海珠区新港中艺苑路,居高临下，可360度无障碍俯瞰羊城全貌,
广州长隆熊猫酒店熊猫餐厅,---,广东省广州市番禺区番禺大道长隆旅游度假区熊猫酒店内,尝美食，赏美景,
碧桂园故乡里,4A景区,广东省广州市花都区山前大道碧桂园假日半岛,逼真再现清末民初祖辈生活的场景,¥55.2 起
从化五指山景区,---,广东省广州从化市良口镇五指山景区,一网打尽五指山4大特色景观,¥31 起
长隆国际大马戏剧院,---,广东省广州市番禺区迎宾路长隆欢乐世界东门侧,汇粹全球马戏精华,
珠江夜游西堤码头,---,广东省广州市越秀区沿江西路49号,华灯初上的时候，在西堤码头，看潮起潮落,
长隆飞鸟乐园,---,广东省广州市番禺市大石镇大边村石北大道,长隆飞鸟乐园，一个真正看鸟飞的地方,
九龙湖,4A景区,广东省广州市花都区花东镇九龙湖度假区,群山环抱，水势浩淼，湖光山色相互映辉,¥33.9 起
大丰门漂流,---,广东省广州增城市派潭镇高滩村,风光原始的峡谷漂流,¥39.9 起
圆玄道观,---,广东省广州市花都区新华镇迎宾大道西38号,仿古建筑别具风格，富有道教特色,¥2 起
广州番禺莲花山,4A景区,广东省广州市番禺区西门路莲花山镇莲花山旅游区,莲花山上莲花塔，莲花塔上有观音,¥1.5 起
石头记矿物园,4A景区,广东省广州市花都区珠宝城大观路1号,在石头的世界慢慢品味冠古绝今的石宴大全,¥29.9 起
南湖游乐园,---,广东省广州市白云区广州大道北983号,尽情享受游乐的疯狂刺激与益智欢乐,¥120 起
从化森林野战俱乐部,---,广东省广州从化流溪河国家森林公园内,俱乐部座落在从化流溪河国家森林公园内，距广州93公里，是国家首批十大公园之一，是一个以湖光山色，自然风光为主的旅游胜地。,¥42 起
大丰门风景区,---,广东省广州市增城仙泉中路3号,奇峰秀水，怡清洗肺的大氧吧,¥29.9 起
五羊石像,---,广东省广州市越秀区解放北路流花路,源于一个美丽的传说,¥288 起
越秀公园古城墙,---,广东省广州市越秀区小北路越秀公园内,越秀山古城墙始建于明代”，又是广州仅存的一段古城墙。这段古城墙分西、中、东三部分：从大北门到镇海楼为西段，环镇海楼所在的,¥239 起
流溪河国家森林公园,---,广东省广州从化市良口镇流溪河林场,穗北之肺，避暑圣地,¥32 起
鸣春谷景区,---,广东省广州市白云区白云山景区内山顶公园(近天南第一峰),天然式鸟笼,¥5 起
增城白水寨风景名胜区,4A景区,广东省广州市增城市派潭镇白水寨风景名胜区,北回归线上的瑰丽翡翠,¥2.6 起
华南植物园,4A景区,广东省广州市天河区天源路1190号,永不落幕的“万国奇树博览会”,¥1.1 起
广州白云山蹦极,---,广州市白云区广园中路白云山国家级风景名胜区内,,¥858 起
广州长隆旅游度假区,5A景区,广东省广州市番禺区番禺大道,一站式旅游度假胜地，广东必游景点,¥214 起
广州塔,4A景区,广东省广州市海珠区阅江西路222号,360度羊城全貌，感受王者之居高临下,¥150 起
广州塔摩天轮,---,广东省广州市海珠区阅江西路222号广州塔塔顶平台,旋转观光舱，各个角度观赏广州迷人夜景,¥298 起
珠江夜游,---,广东省广州市越秀区,珠江夜景，游广州必不可少的景点,¥188 起
广州街香港街,---,浙江省金华东阳市横店镇万盛南街58号,再现1840年前后的羊城旧貌和香江风韵,¥150 起
白云山,5A景区,广东省广州市白云区广园中路白云山景区,南粤名山之一,¥0.4 起
珠江夜游天字码头,---,广东省广州市越秀区沿江中路200号天字码头珠江夜游内(地铁2号线海珠广场A出口)天字码头内,文艺控不可放过的地方,¥33 起
珠江夜游广州塔码头,---,广东省广州市海珠区阅江路222号广州塔码头（地铁广州塔站B出口）,珠江夜游，领略不一样的珠江风情,¥30 起
长隆野生动物世界,5A景区,广东省广州市番禺区迎宾路长隆旅游度假村旁,熊猫三胞胎，神奇动物夜，与您共享欢乐时光,¥290 起
广州文化公园,---,广州市西堤二马路37号,园林文化浓郁、生态环境优美宜人,
广州友谊剧院,---,广东省广州市人民北路698号,广州具有历史感的剧院,
广州文化公园,---,广州市西堤二马路37号,园林文化浓郁、生态环境优美宜人,
广州友谊剧院,---,广东省广州市人民北路698号,广州具有历史感的剧院,
广州文化公园,---,广州市西堤二马路37号,园林文化浓郁、生态环境优美宜人,
广州友谊剧院,---,广东省广州市人民北路698号,广州具有历史感的剧院,
莲花山水上乐园,---,广东省广州市番禺区,在此游泳、戏水和烧烤露营,
金狮水上乐园,---,广东省广州市花都狮岭镇振兴村盘古北路（盘古王公园侧）,去玩水吧，去打水仗吧,
华南植物园温室群,---,广东省广州市天河区兴科路723号,亚洲大型的植物景观温室群,
珠江夜游芳村码头,---,广东省广州市荔湾区长堤街20号,入夜华灯璀灿，景色十分秀丽,
珠江夜游中大码头,---,广东省广州市海珠区新港西路135号中山大学,看羊城夜景，说不尽的风情万种,
北京路商业步行街,---,广东省广州越秀区北京路商业步行街,是以中山四路与北京路交叉处为中心向四方伸展的商店群区，东起仓边路，西至广州起义路，北起财厅前，南至大新路，延及高第街一带,
珠江夜游省总码头,---,广东省广州市越秀区沿江西路原省总工会对面,欣赏珠江不一样的夜景,
化龙农业大观园,---,广东省广州市番禺区化龙镇化龙农业技术综合开发区,亲子农家乐，度假好去处,
璇玑地中海自助旋转餐厅,---,广东省广州市海珠区阅江西路222号广州塔106层,品尝美味的同时城中美景尽现,
广州文化公园,---,广州市西堤二马路37号,园林文化浓郁、生态环境优美宜人,
广州友谊剧院,---,广东省广州市人民北路698号,广州具有历史感的剧院,
广州文化公园,---,广州市西堤二马路37号,园林文化浓郁、生态环境优美宜人,
广州友谊剧院,---,广东省广州市人民北路698号,广州具有历史感的剧院,
广州文化公园,---,广州市西堤二马路37号,园林文化浓郁、生态环境优美宜人,
广州友谊剧院,---,广东省广州市人民北路698号,广州具有历史感的剧院,
广州文化公园,---,广州市西堤二马路37号,园林文化浓郁、生态环境优美宜人,
广州友谊剧院,---,广东省广州市人民北路698号,广州具有历史感的剧院,
番禺生态萤火虫园,---,广东省广州市番禺区化龙镇梦幻D世界番禺生态萤火虫园（金山大道东与西山村工业大道交汇处）,鸟语花香，绿树成荫，环境清幽,
芙蓉度假村,4A景区,广东省广州市花都区芙蓉镇芙蓉度假村,享受清山绿水风光，感受峡谷度假无穷乐趣,
流花湖公园,---,广东省广州市越秀区流花路98号,不仅有蓄水功能，还是百姓平时娱乐的场地,
南越国宫署遗址,---,广东省广州市越秀区中山四路316号,构筑之精巧，规模之宏大，令人赞叹不已,
海军黄埔军事博览中心,---,广东省广州市黄埔区长洲镇,促进中华民族的统一大业作出贡献,
天河体育中心,---,广东省广州市天河区天河路299号,成为新城市中轴线上璀璨的明珠,
十环过山车,---,广东省广州市番禺区迎宾路长隆旅游度假区长隆欢乐世界内,感受顶 尖刺激的十环过山车,
广州文化公园,---,广州市西堤二马路37号,园林文化浓郁、生态环境优美宜人,
广州友谊剧院,---,广东省广州市人民北路698号,广州具有历史感的剧院,
广州文化公园,---,广州市西堤二马路37号,园林文化浓郁、生态环境优美宜人,
广州友谊剧院,---,广东省广州市人民北路698号,广州具有历史感的剧院,
广州文化公园,---,广州市西堤二马路37号,园林文化浓郁、生态环境优美宜人,
广州友谊剧院,---,广东省广州市人民北路698号,广州具有历史感的剧院,
广州文化公园,---,广州市西堤二马路37号,园林文化浓郁、生态环境优美宜人,
广州友谊剧院,---,广东省广州市人民北路698号,广州具有历史感的剧院,
广州文化公园,---,广州市西堤二马路37号,园林文化浓郁、生态环境优美宜人,
广州友谊剧院,---,广东省广州市人民北路698号,广州具有历史感的剧院,
广州文化公园,---,广州市西堤二马路37号,园林文化浓郁、生态环境优美宜人,
广州友谊剧院,---,广东省广州市人民北路698号,广州具有历史感的剧院,
广州文化公园,---,广州市西堤二马路37号,园林文化浓郁、生态环境优美宜人,
广州友谊剧院,---,广东省广州市人民北路698号,广州具有历史感的剧院,
广州文化公园,---,广州市西堤二马路37号,园林文化浓郁、生态环境优美宜人,
广州友谊剧院,---,广东省广州市人民北路698号,广州具有历史感的剧院,
广州文化公园,---,广州市西堤二马路37号,园林文化浓郁、生态环境优美宜人,
广州友谊剧院,---,广东省广州市人民北路698号,广州具有历史感的剧院,
广州文化公园,---,广州市西堤二马路37号,园林文化浓郁、生态环境优美宜人,
广州友谊剧院,---,广东省广州市人民北路698号,广州具有历史感的剧院,
广州文化公园,---,广州市西堤二马路37号,园林文化浓郁、生态环境优美宜人,
广州友谊剧院,---,广东省广州市人民北路698号,广州具有历史感的剧院,
广州文化公园,---,广州市西堤二马路37号,园林文化浓郁、生态环境优美宜人,
广州友谊剧院,---,广东省广州市人民北路698号,广州具有历史感的剧院,
广州文化公园,---,广州市西堤二马路37号,园林文化浓郁、生态环境优美宜人,
广州友谊剧院,---,广东省广州市人民北路698号,广州具有历史感的剧院,
广州文化公园,---,广州市西堤二马路37号,园林文化浓郁、生态环境优美宜人,
广州友谊剧院,---,广东省广州市人民北路698号,广州具有历史感的剧院,
广州文化公园,---,广州市西堤二马路37号,园林文化浓郁、生态环境优美宜人,
广州友谊剧院,---,广东省广州市人民北路698号,广州具有历史感的剧院,
广州文化公园,---,广州市西堤二马路37号,园林文化浓郁、生态环境优美宜人,
广州友谊剧院,---,广东省广州市人民北路698号,广州具有历史感的剧院,
广州文化公园,---,广州市西堤二马路37号,园林文化浓郁、生态环境优美宜人,
广州友谊剧院,---,广东省广州市人民北路698号,广州具有历史感的剧院,
广州文化公园,---,广州市西堤二马路37号,园林文化浓郁、生态环境优美宜人,
广州友谊剧院,---,广东省广州市人民北路698号,广州具有历史感的剧院,
广州文化公园,---,广州市西堤二马路37号,园林文化浓郁、生态环境优美宜人,
广州友谊剧院,---,广东省广州市人民北路698号,广州具有历史感的剧院,
广州文化公园,---,广州市西堤二马路37号,园林文化浓郁、生态环境优美宜人,
广州友谊剧院,---,广东省广州市人民北路698号,广州具有历史感的剧院,
广州文化公园,---,广州市西堤二马路37号,园林文化浓郁、生态环境优美宜人,
广州友谊剧院,---,广东省广州市人民北路698号,广州具有历史感的剧院,
广州文化公园,---,广州市西堤二马路37号,园林文化浓郁、生态环境优美宜人,
广州友谊剧院,---,广东省广州市人民北路698号,广州具有历史感的剧院,
广州文化公园,---,广州市西堤二马路37号,园林文化浓郁、生态环境优美宜人,
广州友谊剧院,---,广东省广州市人民北路698号,广州具有历史感的剧院,
广州文化公园,---,广州市西堤二马路37号,园林文化浓郁、生态环境优美宜人,
广州友谊剧院,---,广东省广州市人民北路698号,广州具有历史感的剧院,
广州文化公园,---,广州市西堤二马路37号,园林文化浓郁、生态环境优美宜人,
广州友谊剧院,---,广东省广州市人民北路698号,广州具有历史感的剧院,
广州文化公园,---,广州市西堤二马路37号,园林文化浓郁、生态环境优美宜人,
广州友谊剧院,---,广东省广州市人民北路698号,广州具有历史感的剧院,
广州文化公园,---,广州市西堤二马路37号,园林文化浓郁、生态环境优美宜人,
广州友谊剧院,---,广东省广州市人民北路698号,广州具有历史感的剧院,
广州文化公园,---,广州市西堤二马路37号,园林文化浓郁、生态环境优美宜人,
广州友谊剧院,---,广东省广州市人民北路698号,广州具有历史感的剧院,
广州文化公园,---,广州市西堤二马路37号,园林文化浓郁、生态环境优美宜人,
广州友谊剧院,---,广东省广州市人民北路698号,广州具有历史感的剧院,
广州文化公园,---,广州市西堤二马路37号,园林文化浓郁、生态环境优美宜人,
广州友谊剧院,---,广东省广州市人民北路698号,广州具有历史感的剧院,
广州文化公园,---,广州市西堤二马路37号,园林文化浓郁、生态环境优美宜人,
广州友谊剧院,---,广东省广州市人民北路698号,广州具有历史感的剧院,
广州文化公园,---,广州市西堤二马路37号,园林文化浓郁、生态环境优美宜人,
广州友谊剧院,---,广东省广州市人民北路698号,广州具有历史感的剧院,
广州文化公园,---,广州市西堤二马路37号,园林文化浓郁、生态环境优美宜人,
广州友谊剧院,---,广东省广州市人民北路698号,广州具有历史感的剧院,
广州文化公园,---,广州市西堤二马路37号,园林文化浓郁、生态环境优美宜人,
广州友谊剧院,---,广东省广州市人民北路698号,广州具有历史感的剧院,
广州文化公园,---,广州市西堤二马路37号,园林文化浓郁、生态环境优美宜人,
广州友谊剧院,---,广东省广州市人民北路698号,广州具有历史感的剧院,
广州文化公园,---,广州市西堤二马路37号,园林文化浓郁、生态环境优美宜人,
广州友谊剧院,---,广东省广州市人民北路698号,广州具有历史感的剧院,
广州文化公园,---,广州市西堤二马路37号,园林文化浓郁、生态环境优美宜人,
广州友谊剧院,---,广东省广州市人民北路698号,广州具有历史感的剧院,
广州文化公园,---,广州市西堤二马路37号,园林文化浓郁、生态环境优美宜人,
广州友谊剧院,---,广东省广州市人民北路698号,广州具有历史感的剧院,
广州文化公园,---,广州市西堤二马路37号,园林文化浓郁、生态环境优美宜人,
广州友谊剧院,---,广东省广州市人民北路698号,广州具有历史感的剧院,
广州文化公园,---,广州市西堤二马路37号,园林文化浓郁、生态环境优美宜人,
广州友谊剧院,---,广东省广州市人民北路698号,广州具有历史感的剧院,
广州文化公园,---,广州市西堤二马路37号,园林文化浓郁、生态环境优美宜人,
广州友谊剧院,---,广东省广州市人民北路698号,广州具有历史感的剧院,
广州文化公园,---,广州市西堤二马路37号,园林文化浓郁、生态环境优美宜人,
广州友谊剧院,---,广东省广州市人民北路698号,广州具有历史感的剧院,
广州文化公园,---,广州市西堤二马路37号,园林文化浓郁、生态环境优美宜人,
广州友谊剧院,---,广东省广州市人民北路698号,广州具有历史感的剧院,
广州文化公园,---,广州市西堤二马路37号,园林文化浓郁、生态环境优美宜人,
广州友谊剧院,---,广东省广州市人民北路698号,广州具有历史感的剧院,
广州文化公园,---,广州市西堤二马路37号,园林文化浓郁、生态环境优美宜人,
广州友谊剧院,---,广东省广州市人民北路698号,广州具有历史感的剧院,
广州文化公园,---,广州市西堤二马路37号,园林文化浓郁、生态环境优美宜人,
广州友谊剧院,---,广东省广州市人民北路698号,广州具有历史感的剧院,
广州文化公园,---,广州市西堤二马路37号,园林文化浓郁、生态环境优美宜人,
广州友谊剧院,---,广东省广州市人民北路698号,广州具有历史感的剧院,
